nom du projet;nom du site;nom de la plateforme;date prélévement;profondeur;profondeur;chlorophylle a strickland-parsons (µg/l);chlorophylle a scor-unesco (µg/l)
Suivi des lacs;Léman;SHL2;23/01/1976;0;0;;0.58
Suivi des lacs;Léman;SHL2;23/01/1976;1;1;;0.603333333
Suivi des lacs;Léman;SHL2;23/01/1976;2;2;;0.62
Suivi des lacs;Léman;SHL2;23/01/1976;3.5;3.5;;0.615
Suivi des lacs;Léman;SHL2;23/01/1976;5;5;;0.58
Suivi des lacs;Léman;SHL2;23/01/1976;7.5;7.5;;0.585
Suivi des lacs;Léman;SHL2;23/01/1976;10;10;;0.6325
Suivi des lacs;Léman;SHL2;23/01/1976;15;15;;0.585
Suivi des lacs;Léman;SHL2;23/01/1976;20;20;;0.575
Suivi des lacs;Léman;SHL2;23/01/1976;30;30;;0.47
Suivi des lacs;Léman;SHL2;23/02/1976;0;0;;0.6325
Suivi des lacs;Léman;SHL2;23/02/1976;1;1;;0.79
Suivi des lacs;Léman;SHL2;23/02/1976;2;2;;0.7075
Suivi des lacs;Léman;SHL2;23/02/1976;3.5;3.5;;0.7375
Suivi des lacs;Léman;SHL2;23/02/1976;5;5;;0.7575
Suivi des lacs;Léman;SHL2;23/02/1976;7.5;7.5;;0.72
Suivi des lacs;Léman;SHL2;23/02/1976;10;10;;0.6475
Suivi des lacs;Léman;SHL2;23/02/1976;15;15;;0.5975
Suivi des lacs;Léman;SHL2;23/02/1976;20;20;;0.5425
Suivi des lacs;Léman;SHL2;23/02/1976;30;30;;0.4475
Suivi des lacs;Léman;SHL2;23/03/1976;0;0;;5.745
Suivi des lacs;Léman;SHL2;23/03/1976;1;1;;6.2175
Suivi des lacs;Léman;SHL2;23/03/1976;2;2;;1.666666667
Suivi des lacs;Léman;SHL2;23/03/1976;3.5;3.5;;5.735
Suivi des lacs;Léman;SHL2;23/03/1976;5;5;;5.8525
Suivi des lacs;Léman;SHL2;23/03/1976;7.5;7.5;;6.1725
Suivi des lacs;Léman;SHL2;23/03/1976;10;10;;6.1175
Suivi des lacs;Léman;SHL2;23/03/1976;15;15;;5.17
Suivi des lacs;Léman;SHL2;23/03/1976;20;20;;1.965
Suivi des lacs;Léman;SHL2;23/03/1976;30;30;;1.1675
Suivi des lacs;Léman;SHL2;23/04/1976;0;0;;3.144
Suivi des lacs;Léman;SHL2;23/04/1976;1;1;;3.423333333
Suivi des lacs;Léman;SHL2;23/04/1976;2;2;;4.22
Suivi des lacs;Léman;SHL2;23/04/1976;3.5;3.5;;4.9925
Suivi des lacs;Léman;SHL2;23/04/1976;5;5;;4.348
Suivi des lacs;Léman;SHL2;23/04/1976;7.5;7.5;;5.066
Suivi des lacs;Léman;SHL2;23/04/1976;10;10;;4.692
Suivi des lacs;Léman;SHL2;23/04/1976;15;15;;3.358
Suivi des lacs;Léman;SHL2;23/04/1976;20;20;;2.932
Suivi des lacs;Léman;SHL2;23/04/1976;30;30;;2.4325
Suivi des lacs;Léman;SHL2;23/05/1976;0;0;;7.296
Suivi des lacs;Léman;SHL2;23/05/1976;1;1;;8.498
Suivi des lacs;Léman;SHL2;23/05/1976;2;2;;9.548
Suivi des lacs;Léman;SHL2;23/05/1976;3.5;3.5;;9.716
Suivi des lacs;Léman;SHL2;23/05/1976;5;5;;9.438
Suivi des lacs;Léman;SHL2;23/05/1976;7.5;7.5;;7.8
Suivi des lacs;Léman;SHL2;23/05/1976;10;10;;6.064
Suivi des lacs;Léman;SHL2;23/05/1976;15;15;;5.462
Suivi des lacs;Léman;SHL2;23/05/1976;20;20;;4.212
Suivi des lacs;Léman;SHL2;23/05/1976;30;30;;1.475
Suivi des lacs;Léman;SHL2;23/06/1976;0;0;;7.08
Suivi des lacs;Léman;SHL2;23/06/1976;1;1;;8.88
Suivi des lacs;Léman;SHL2;23/06/1976;2;2;;10.518
Suivi des lacs;Léman;SHL2;23/06/1976;3.5;3.5;;9.34
Suivi des lacs;Léman;SHL2;23/06/1976;5;5;;6.004
Suivi des lacs;Léman;SHL2;23/06/1976;7.5;7.5;;2.4
Suivi des lacs;Léman;SHL2;23/06/1976;10;10;;1.758
Suivi des lacs;Léman;SHL2;23/06/1976;15;15;;0.872
Suivi des lacs;Léman;SHL2;23/06/1976;20;20;;0.75
Suivi des lacs;Léman;SHL2;23/06/1976;30;30;;0.28
Suivi des lacs;Léman;SHL2;23/07/1976;0;0;;9.996
Suivi des lacs;Léman;SHL2;23/07/1976;1;1;;12.086
Suivi des lacs;Léman;SHL2;23/07/1976;2;2;;13.284
Suivi des lacs;Léman;SHL2;23/07/1976;3.5;3.5;;16.5
Suivi des lacs;Léman;SHL2;23/07/1976;5;5;;14.384
Suivi des lacs;Léman;SHL2;23/07/1976;7.5;7.5;;9.132
Suivi des lacs;Léman;SHL2;23/07/1976;10;10;;9.236
Suivi des lacs;Léman;SHL2;23/07/1976;15;15;;7.508
Suivi des lacs;Léman;SHL2;23/07/1976;20;20;;2.392
Suivi des lacs;Léman;SHL2;23/07/1976;30;30;;1.0975
Suivi des lacs;Léman;SHL2;23/08/1976;0;0;;5.22
Suivi des lacs;Léman;SHL2;23/08/1976;1;1;;6.414
Suivi des lacs;Léman;SHL2;23/08/1976;2;2;;6.65
Suivi des lacs;Léman;SHL2;23/08/1976;3.5;3.5;;8.038
Suivi des lacs;Léman;SHL2;23/08/1976;5;5;;8.222
Suivi des lacs;Léman;SHL2;23/08/1976;7.5;7.5;;6.354
Suivi des lacs;Léman;SHL2;23/08/1976;10;10;;4.36
Suivi des lacs;Léman;SHL2;23/08/1976;15;15;;2.312
Suivi des lacs;Léman;SHL2;23/08/1976;20;20;;1.268
Suivi des lacs;Léman;SHL2;23/08/1976;30;30;;0.5875
Suivi des lacs;Léman;SHL2;23/09/1976;0;0;;5.632
Suivi des lacs;Léman;SHL2;23/09/1976;1;1;;6.052
Suivi des lacs;Léman;SHL2;23/09/1976;2;2;;6.056
Suivi des lacs;Léman;SHL2;23/09/1976;3.5;3.5;;6.262
Suivi des lacs;Léman;SHL2;23/09/1976;5;5;;6.934
Suivi des lacs;Léman;SHL2;23/09/1976;7.5;7.5;;6.576
Suivi des lacs;Léman;SHL2;23/09/1976;10;10;;7.884
Suivi des lacs;Léman;SHL2;23/09/1976;15;15;;5.03
Suivi des lacs;Léman;SHL2;23/09/1976;20;20;;2.974
Suivi des lacs;Léman;SHL2;23/09/1976;30;30;;1.6775
Suivi des lacs;Léman;SHL2;23/10/1976;0;0;;5.824
Suivi des lacs;Léman;SHL2;23/10/1976;1;1;;5.81
Suivi des lacs;Léman;SHL2;23/10/1976;2;2;;5.9
Suivi des lacs;Léman;SHL2;23/10/1976;3.5;3.5;;5.992
Suivi des lacs;Léman;SHL2;23/10/1976;5;5;;5.978
Suivi des lacs;Léman;SHL2;23/10/1976;7.5;7.5;;6.37
Suivi des lacs;Léman;SHL2;23/10/1976;10;10;;6.294
Suivi des lacs;Léman;SHL2;23/10/1976;15;15;;4.462
Suivi des lacs;Léman;SHL2;23/10/1976;20;20;;3.018
Suivi des lacs;Léman;SHL2;23/10/1976;30;30;;1.3775
Suivi des lacs;Léman;SHL2;23/11/1976;0;0;;4.0125
Suivi des lacs;Léman;SHL2;23/11/1976;1;1;;4.445
Suivi des lacs;Léman;SHL2;23/11/1976;2;2;;4.505
Suivi des lacs;Léman;SHL2;23/11/1976;3.5;3.5;;4.2925
Suivi des lacs;Léman;SHL2;23/11/1976;5;5;;4.6
Suivi des lacs;Léman;SHL2;23/11/1976;7.5;7.5;;3.9025
Suivi des lacs;Léman;SHL2;23/11/1976;10;10;;3.965
Suivi des lacs;Léman;SHL2;23/11/1976;15;15;;3.1225
Suivi des lacs;Léman;SHL2;23/11/1976;20;20;;2.255
Suivi des lacs;Léman;SHL2;23/11/1976;30;30;;1.1875
Suivi des lacs;Léman;SHL2;23/12/1976;0;0;;2.276
Suivi des lacs;Léman;SHL2;23/12/1976;1;1;;2.165
Suivi des lacs;Léman;SHL2;23/12/1976;2;2;;2.288
Suivi des lacs;Léman;SHL2;23/12/1976;3.5;3.5;;2.414
Suivi des lacs;Léman;SHL2;23/12/1976;5;5;;2.358
Suivi des lacs;Léman;SHL2;23/12/1976;7.5;7.5;;2.32
Suivi des lacs;Léman;SHL2;23/12/1976;10;10;;2.208
Suivi des lacs;Léman;SHL2;23/12/1976;15;15;;2.116
Suivi des lacs;Léman;SHL2;23/12/1976;20;20;;1.946
Suivi des lacs;Léman;SHL2;23/12/1976;30;30;;1.5925
Suivi des lacs;Léman;SHL2;23/01/1981;0;0;;0.6925
Suivi des lacs;Léman;SHL2;23/01/1981;1;1;;0.7475
Suivi des lacs;Léman;SHL2;23/01/1981;2;2;;0.765
Suivi des lacs;Léman;SHL2;23/01/1981;3.5;3.5;;0.8
Suivi des lacs;Léman;SHL2;23/01/1981;5;5;;0.7575
Suivi des lacs;Léman;SHL2;23/01/1981;7.5;7.5;;0.8025
Suivi des lacs;Léman;SHL2;23/01/1981;10;10;;0.7525
Suivi des lacs;Léman;SHL2;23/01/1981;15;15;;0.7325
Suivi des lacs;Léman;SHL2;23/01/1981;20;20;;0.6675
Suivi des lacs;Léman;SHL2;23/01/1981;30;30;;0.555
Suivi des lacs;Léman;SHL2;23/02/1981;0;0;;0.85
Suivi des lacs;Léman;SHL2;23/02/1981;1;1;;1.125
Suivi des lacs;Léman;SHL2;23/02/1981;2;2;;1.1425
Suivi des lacs;Léman;SHL2;23/02/1981;3.5;3.5;;1.1725
Suivi des lacs;Léman;SHL2;23/02/1981;5;5;;1.1525
Suivi des lacs;Léman;SHL2;23/02/1981;7.5;7.5;;1.19
Suivi des lacs;Léman;SHL2;23/02/1981;10;10;;1.0125
Suivi des lacs;Léman;SHL2;23/02/1981;15;15;;0.8075
Suivi des lacs;Léman;SHL2;23/02/1981;20;20;;0.64
Suivi des lacs;Léman;SHL2;23/02/1981;30;30;;0.53
Suivi des lacs;Léman;SHL2;23/03/1981;0;0;;1.487272727
Suivi des lacs;Léman;SHL2;23/03/1981;1;1;;1.526363636
Suivi des lacs;Léman;SHL2;23/03/1981;2;2;;1.618181818
Suivi des lacs;Léman;SHL2;23/03/1981;3.5;3.5;;1.622727273
Suivi des lacs;Léman;SHL2;23/03/1981;5;5;;1.692727273
Suivi des lacs;Léman;SHL2;23/03/1981;7.5;7.5;;1.661818182
Suivi des lacs;Léman;SHL2;23/03/1981;10;10;;1.607272727
Suivi des lacs;Léman;SHL2;23/03/1981;15;15;;1.537272727
Suivi des lacs;Léman;SHL2;23/03/1981;20;20;;1.455454545
Suivi des lacs;Léman;SHL2;23/03/1981;30;30;;1.19
Suivi des lacs;Léman;SHL2;23/04/1981;0;0;;6.97
Suivi des lacs;Léman;SHL2;23/04/1981;1;1;;7.191
Suivi des lacs;Léman;SHL2;23/04/1981;2;2;;7.783
Suivi des lacs;Léman;SHL2;23/04/1981;3.5;3.5;;7.941
Suivi des lacs;Léman;SHL2;23/04/1981;5;5;;7.379
Suivi des lacs;Léman;SHL2;23/04/1981;7.5;7.5;;6.618
Suivi des lacs;Léman;SHL2;23/04/1981;10;10;;5.963
Suivi des lacs;Léman;SHL2;23/04/1981;15;15;;4.989
Suivi des lacs;Léman;SHL2;23/04/1981;20;20;;4.043
Suivi des lacs;Léman;SHL2;23/04/1981;30;30;;2.302
Suivi des lacs;Léman;SHL2;23/05/1981;0;0;;14.148
Suivi des lacs;Léman;SHL2;23/05/1981;1;1;;17.136
Suivi des lacs;Léman;SHL2;23/05/1981;2;2;;18.911
Suivi des lacs;Léman;SHL2;23/05/1981;3.5;3.5;;16.394
Suivi des lacs;Léman;SHL2;23/05/1981;5;5;;13.375
Suivi des lacs;Léman;SHL2;23/05/1981;7.5;7.5;;9.39
Suivi des lacs;Léman;SHL2;23/05/1981;10;10;;7.462
Suivi des lacs;Léman;SHL2;23/05/1981;15;15;;4.28
Suivi des lacs;Léman;SHL2;23/05/1981;20;20;;4.129
Suivi des lacs;Léman;SHL2;23/05/1981;30;30;;3.521
Suivi des lacs;Léman;SHL2;23/06/1981;0;0;;4.133
Suivi des lacs;Léman;SHL2;23/06/1981;1;1;;4.22
Suivi des lacs;Léman;SHL2;23/06/1981;2;2;;4.089
Suivi des lacs;Léman;SHL2;23/06/1981;3.5;3.5;;4.132
Suivi des lacs;Léman;SHL2;23/06/1981;5;5;;3.896
Suivi des lacs;Léman;SHL2;23/06/1981;7.5;7.5;;3.028
Suivi des lacs;Léman;SHL2;23/06/1981;10;10;;2.423
Suivi des lacs;Léman;SHL2;23/06/1981;15;15;;1.982
Suivi des lacs;Léman;SHL2;23/06/1981;20;20;;0.82
Suivi des lacs;Léman;SHL2;23/06/1981;30;30;;0.544444444
Suivi des lacs;Léman;SHL2;23/07/1981;0;0;;6.628
Suivi des lacs;Léman;SHL2;23/07/1981;1;1;;8.409
Suivi des lacs;Léman;SHL2;23/07/1981;2;2;;10.147
Suivi des lacs;Léman;SHL2;23/07/1981;3.5;3.5;;13.147
Suivi des lacs;Léman;SHL2;23/07/1981;5;5;;13.425
Suivi des lacs;Léman;SHL2;23/07/1981;7.5;7.5;;12.924
Suivi des lacs;Léman;SHL2;23/07/1981;10;10;;8.445
Suivi des lacs;Léman;SHL2;23/07/1981;15;15;;2.441
Suivi des lacs;Léman;SHL2;23/07/1981;20;20;;1.303
Suivi des lacs;Léman;SHL2;23/07/1981;30;30;;0.73
Suivi des lacs;Léman;SHL2;23/08/1981;0;0;;5.443
Suivi des lacs;Léman;SHL2;23/08/1981;1;1;;6.388888889
Suivi des lacs;Léman;SHL2;23/08/1981;2;2;;7.038888889
Suivi des lacs;Léman;SHL2;23/08/1981;3.5;3.5;;9.238
Suivi des lacs;Léman;SHL2;23/08/1981;5;5;;9.226
Suivi des lacs;Léman;SHL2;23/08/1981;7.5;7.5;;8.228
Suivi des lacs;Léman;SHL2;23/08/1981;10;10;;8.628
Suivi des lacs;Léman;SHL2;23/08/1981;15;15;;5.07
Suivi des lacs;Léman;SHL2;23/08/1981;20;20;;2.555
Suivi des lacs;Léman;SHL2;23/08/1981;30;30;;1.424
Suivi des lacs;Léman;SHL2;23/09/1981;0;0;;7.452222222
Suivi des lacs;Léman;SHL2;23/09/1981;1;1;;8.348888889
Suivi des lacs;Léman;SHL2;23/09/1981;2;2;;9.09
Suivi des lacs;Léman;SHL2;23/09/1981;3.5;3.5;;9.514444444
Suivi des lacs;Léman;SHL2;23/09/1981;5;5;;8.988888889
Suivi des lacs;Léman;SHL2;23/09/1981;7.5;7.5;;9.237777778
Suivi des lacs;Léman;SHL2;23/09/1981;10;10;;8.157777778
Suivi des lacs;Léman;SHL2;23/09/1981;15;15;;4.525555556
Suivi des lacs;Léman;SHL2;23/09/1981;20;20;;2.423333333
Suivi des lacs;Léman;SHL2;23/09/1981;30;30;;0.825555556
Suivi des lacs;Léman;SHL2;23/10/1981;0;0;;6.123
Suivi des lacs;Léman;SHL2;23/10/1981;1;1;;6.954
Suivi des lacs;Léman;SHL2;23/10/1981;2;2;;6.942
Suivi des lacs;Léman;SHL2;23/10/1981;3.5;3.5;;6.824
Suivi des lacs;Léman;SHL2;23/10/1981;5;5;;6.618
Suivi des lacs;Léman;SHL2;23/10/1981;7.5;7.5;;6.182
Suivi des lacs;Léman;SHL2;23/10/1981;10;10;;5.246
Suivi des lacs;Léman;SHL2;23/10/1981;15;15;;4.086
Suivi des lacs;Léman;SHL2;23/10/1981;20;20;;3.093
Suivi des lacs;Léman;SHL2;23/10/1981;30;30;;1.546
Suivi des lacs;Léman;SHL2;23/11/1981;0;0;;4.797777778
Suivi des lacs;Léman;SHL2;23/11/1981;1;1;;5.161111111
Suivi des lacs;Léman;SHL2;23/11/1981;2;2;;5.264444444
Suivi des lacs;Léman;SHL2;23/11/1981;3.5;3.5;;5.518888889
Suivi des lacs;Léman;SHL2;23/11/1981;5;5;;5.416666667
Suivi des lacs;Léman;SHL2;23/11/1981;7.5;7.5;;5.31
Suivi des lacs;Léman;SHL2;23/11/1981;10;10;;4.932222222
Suivi des lacs;Léman;SHL2;23/11/1981;15;15;;3.488888889
Suivi des lacs;Léman;SHL2;23/11/1981;20;20;;2.147777778
Suivi des lacs;Léman;SHL2;23/11/1981;30;30;;1.158888889
Suivi des lacs;Léman;SHL2;23/12/1981;0;0;;2.634
Suivi des lacs;Léman;SHL2;23/12/1981;1;1;;2.524
Suivi des lacs;Léman;SHL2;23/12/1981;2;2;;2.674
Suivi des lacs;Léman;SHL2;23/12/1981;3.5;3.5;;2.602
Suivi des lacs;Léman;SHL2;23/12/1981;5;5;;2.58
Suivi des lacs;Léman;SHL2;23/12/1981;7.5;7.5;;2.576
Suivi des lacs;Léman;SHL2;23/12/1981;10;10;;2.658
Suivi des lacs;Léman;SHL2;23/12/1981;15;15;;2.552
Suivi des lacs;Léman;SHL2;23/12/1981;20;20;;2.536
Suivi des lacs;Léman;SHL2;23/12/1981;30;30;;1.912
Suivi des lacs;Léman;SHL2;23/01/1986;0;0;;1.336
Suivi des lacs;Léman;SHL2;23/01/1986;1;1;;1.382
Suivi des lacs;Léman;SHL2;23/01/1986;2;2;;1.396
Suivi des lacs;Léman;SHL2;23/01/1986;3.5;3.5;;1.436
Suivi des lacs;Léman;SHL2;23/01/1986;5;5;;1.424
Suivi des lacs;Léman;SHL2;23/01/1986;7.5;7.5;;1.412
Suivi des lacs;Léman;SHL2;23/01/1986;10;10;;1.422
Suivi des lacs;Léman;SHL2;23/01/1986;15;15;;1.488
Suivi des lacs;Léman;SHL2;23/01/1986;20;20;;1.518
Suivi des lacs;Léman;SHL2;23/01/1986;30;30;;1.518
Suivi des lacs;Léman;SHL2;23/02/1986;0;0;;0.996
Suivi des lacs;Léman;SHL2;23/02/1986;1;1;;1.118
Suivi des lacs;Léman;SHL2;23/02/1986;2;2;;1.204
Suivi des lacs;Léman;SHL2;23/02/1986;3.5;3.5;;1.228
Suivi des lacs;Léman;SHL2;23/02/1986;5;5;;1.284
Suivi des lacs;Léman;SHL2;23/02/1986;7.5;7.5;;1.25
Suivi des lacs;Léman;SHL2;23/02/1986;10;10;;1.144
Suivi des lacs;Léman;SHL2;23/02/1986;15;15;;1.208
Suivi des lacs;Léman;SHL2;23/02/1986;20;20;;1.092
Suivi des lacs;Léman;SHL2;23/02/1986;30;30;;1.04
Suivi des lacs;Léman;SHL2;23/03/1986;0;0;;1.621111111
Suivi des lacs;Léman;SHL2;23/03/1986;1;1;;1.686666667
Suivi des lacs;Léman;SHL2;23/03/1986;2;2;;1.747777778
Suivi des lacs;Léman;SHL2;23/03/1986;3.5;3.5;;1.818888889
Suivi des lacs;Léman;SHL2;23/03/1986;5;5;;1.815555556
Suivi des lacs;Léman;SHL2;23/03/1986;7.5;7.5;;1.8
Suivi des lacs;Léman;SHL2;23/03/1986;10;10;;1.805555556
Suivi des lacs;Léman;SHL2;23/03/1986;15;15;;1.763333333
Suivi des lacs;Léman;SHL2;23/03/1986;20;20;;1.565555556
Suivi des lacs;Léman;SHL2;23/03/1986;30;30;;1.438888889
Suivi des lacs;Léman;SHL2;23/04/1986;0;0;;12.16363636
Suivi des lacs;Léman;SHL2;23/04/1986;1;1;;13.45181818
Suivi des lacs;Léman;SHL2;23/04/1986;2;2;;13.44272727
Suivi des lacs;Léman;SHL2;23/04/1986;3.5;3.5;;12.42727273
Suivi des lacs;Léman;SHL2;23/04/1986;5;5;;12.37181818
Suivi des lacs;Léman;SHL2;23/04/1986;7.5;7.5;;10.71454545
Suivi des lacs;Léman;SHL2;23/04/1986;10;10;;7.620909091
Suivi des lacs;Léman;SHL2;23/04/1986;15;15;;4.371818182
Suivi des lacs;Léman;SHL2;23/04/1986;20;20;;3.1
Suivi des lacs;Léman;SHL2;23/04/1986;30;30;;1.985454545
Suivi des lacs;Léman;SHL2;23/05/1986;0;0;;15.22
Suivi des lacs;Léman;SHL2;23/05/1986;1;1;;16.946
Suivi des lacs;Léman;SHL2;23/05/1986;2;2;;18.342
Suivi des lacs;Léman;SHL2;23/05/1986;3.5;3.5;;17.102
Suivi des lacs;Léman;SHL2;23/05/1986;5;5;;15.304
Suivi des lacs;Léman;SHL2;23/05/1986;7.5;7.5;;11.966
Suivi des lacs;Léman;SHL2;23/05/1986;10;10;;7.382
Suivi des lacs;Léman;SHL2;23/05/1986;15;15;;4.046
Suivi des lacs;Léman;SHL2;23/05/1986;20;20;;1.996
Suivi des lacs;Léman;SHL2;23/05/1986;30;30;;1.394
Suivi des lacs;Léman;SHL2;23/06/1986;0;0;;4.929
Suivi des lacs;Léman;SHL2;23/06/1986;1;1;;5.537
Suivi des lacs;Léman;SHL2;23/06/1986;2;2;;6.318
Suivi des lacs;Léman;SHL2;23/06/1986;3.5;3.5;;5.959
Suivi des lacs;Léman;SHL2;23/06/1986;5;5;;5.708
Suivi des lacs;Léman;SHL2;23/06/1986;7.5;7.5;;5.227
Suivi des lacs;Léman;SHL2;23/06/1986;10;10;;4.323
Suivi des lacs;Léman;SHL2;23/06/1986;15;15;;2.546
Suivi des lacs;Léman;SHL2;23/06/1986;20;20;;1.377
Suivi des lacs;Léman;SHL2;23/06/1986;30;30;;0.659
Suivi des lacs;Léman;SHL2;23/07/1986;0;0;;3.937
Suivi des lacs;Léman;SHL2;23/07/1986;1;1;;6.389
Suivi des lacs;Léman;SHL2;23/07/1986;2;2;;6.847
Suivi des lacs;Léman;SHL2;23/07/1986;3.5;3.5;;7.781
Suivi des lacs;Léman;SHL2;23/07/1986;5;5;;7.342
Suivi des lacs;Léman;SHL2;23/07/1986;7.5;7.5;;5.105
Suivi des lacs;Léman;SHL2;23/07/1986;10;10;;3.822
Suivi des lacs;Léman;SHL2;23/07/1986;15;15;;2.619
Suivi des lacs;Léman;SHL2;23/07/1986;20;20;;1.554
Suivi des lacs;Léman;SHL2;23/07/1986;30;30;;0.58
Suivi des lacs;Léman;SHL2;23/08/1986;0;0;;4.179
Suivi des lacs;Léman;SHL2;23/08/1986;1;1;;4.753
Suivi des lacs;Léman;SHL2;23/08/1986;2;2;;5.126
Suivi des lacs;Léman;SHL2;23/08/1986;3.5;3.5;;5.61
Suivi des lacs;Léman;SHL2;23/08/1986;5;5;;6.516
Suivi des lacs;Léman;SHL2;23/08/1986;7.5;7.5;;7.666
Suivi des lacs;Léman;SHL2;23/08/1986;10;10;;6.233
Suivi des lacs;Léman;SHL2;23/08/1986;15;15;;3.258
Suivi des lacs;Léman;SHL2;23/08/1986;20;20;;1.708
Suivi des lacs;Léman;SHL2;23/08/1986;30;30;;0.573
Suivi des lacs;Léman;SHL2;23/09/1986;0;0;;6.34
Suivi des lacs;Léman;SHL2;23/09/1986;1;1;;8.166
Suivi des lacs;Léman;SHL2;23/09/1986;2;2;;8.621
Suivi des lacs;Léman;SHL2;23/09/1986;3.5;3.5;;8.951
Suivi des lacs;Léman;SHL2;23/09/1986;5;5;;8.071
Suivi des lacs;Léman;SHL2;23/09/1986;7.5;7.5;;7.356
Suivi des lacs;Léman;SHL2;23/09/1986;10;10;;5.717
Suivi des lacs;Léman;SHL2;23/09/1986;15;15;;5.151
Suivi des lacs;Léman;SHL2;23/09/1986;20;20;;1.679
Suivi des lacs;Léman;SHL2;23/09/1986;30;30;;0.48
Suivi des lacs;Léman;SHL2;23/10/1986;0;0;;4.322222222
Suivi des lacs;Léman;SHL2;23/10/1986;1;1;;4.803333333
Suivi des lacs;Léman;SHL2;23/10/1986;2;2;;5.295555556
Suivi des lacs;Léman;SHL2;23/10/1986;3.5;3.5;;5.368888889
Suivi des lacs;Léman;SHL2;23/10/1986;5;5;;5.29
Suivi des lacs;Léman;SHL2;23/10/1986;7.5;7.5;;4.821111111
Suivi des lacs;Léman;SHL2;23/10/1986;10;10;;3.475555556
Suivi des lacs;Léman;SHL2;23/10/1986;15;15;;2.257777778
Suivi des lacs;Léman;SHL2;23/10/1986;20;20;;1.292222222
Suivi des lacs;Léman;SHL2;23/10/1986;30;30;;0.398888889
Suivi des lacs;Léman;SHL2;23/11/1986;0;0;;2.4
Suivi des lacs;Léman;SHL2;23/11/1986;1;1;;2.728
Suivi des lacs;Léman;SHL2;23/11/1986;2;2;;2.778
Suivi des lacs;Léman;SHL2;23/11/1986;3.5;3.5;;2.742
Suivi des lacs;Léman;SHL2;23/11/1986;5;5;;2.749
Suivi des lacs;Léman;SHL2;23/11/1986;7.5;7.5;;2.81
Suivi des lacs;Léman;SHL2;23/11/1986;10;10;;2.538
Suivi des lacs;Léman;SHL2;23/11/1986;15;15;;1.939
Suivi des lacs;Léman;SHL2;23/11/1986;20;20;;1.503
Suivi des lacs;Léman;SHL2;23/11/1986;30;30;;0.992
Suivi des lacs;Léman;SHL2;23/12/1986;0;0;;1.734
Suivi des lacs;Léman;SHL2;23/12/1986;1;1;;1.696
Suivi des lacs;Léman;SHL2;23/12/1986;2;2;;1.74
Suivi des lacs;Léman;SHL2;23/12/1986;3.5;3.5;;1.746
Suivi des lacs;Léman;SHL2;23/12/1986;5;5;;1.776
Suivi des lacs;Léman;SHL2;23/12/1986;7.5;7.5;;1.682
Suivi des lacs;Léman;SHL2;23/12/1986;10;10;;1.668
Suivi des lacs;Léman;SHL2;23/12/1986;15;15;;1.72
Suivi des lacs;Léman;SHL2;23/12/1986;20;20;;1.692
Suivi des lacs;Léman;SHL2;23/12/1986;30;30;;1.278
Suivi des lacs;Léman;SHL2;23/01/1991;0;0;;0.944
Suivi des lacs;Léman;SHL2;23/01/1991;1;1;;1.052
Suivi des lacs;Léman;SHL2;23/01/1991;2;2;;1.034
Suivi des lacs;Léman;SHL2;23/01/1991;3.5;3.5;;1.032
Suivi des lacs;Léman;SHL2;23/01/1991;5;5;;1.036
Suivi des lacs;Léman;SHL2;23/01/1991;7.5;7.5;;1.026
Suivi des lacs;Léman;SHL2;23/01/1991;10;10;;1.076
Suivi des lacs;Léman;SHL2;23/01/1991;15;15;;1.046
Suivi des lacs;Léman;SHL2;23/01/1991;20;20;;0.968
Suivi des lacs;Léman;SHL2;23/01/1991;30;30;;1.026
Suivi des lacs;Léman;SHL2;23/02/1991;0;0;;0.573333333
Suivi des lacs;Léman;SHL2;23/02/1991;1;1;;0.7
Suivi des lacs;Léman;SHL2;23/02/1991;2;2;;0.696666667
Suivi des lacs;Léman;SHL2;23/02/1991;3.5;3.5;;0.723333333
Suivi des lacs;Léman;SHL2;23/02/1991;5;5;;0.693333333
Suivi des lacs;Léman;SHL2;23/02/1991;7.5;7.5;;0.706666667
Suivi des lacs;Léman;SHL2;23/02/1991;10;10;;0.67
Suivi des lacs;Léman;SHL2;23/02/1991;15;15;;0.643333333
Suivi des lacs;Léman;SHL2;23/02/1991;20;20;;0.646666667
Suivi des lacs;Léman;SHL2;23/02/1991;30;30;;0.713333333
Suivi des lacs;Léman;SHL2;23/03/1991;0;0;;6.432222222
Suivi des lacs;Léman;SHL2;23/03/1991;1;1;;6.516666667
Suivi des lacs;Léman;SHL2;23/03/1991;2;2;;6.616666667
Suivi des lacs;Léman;SHL2;23/03/1991;3.5;3.5;;6.533333333
Suivi des lacs;Léman;SHL2;23/03/1991;5;5;;5.42
Suivi des lacs;Léman;SHL2;23/03/1991;7.5;7.5;;5.392222222
Suivi des lacs;Léman;SHL2;23/03/1991;10;10;;4.111111111
Suivi des lacs;Léman;SHL2;23/03/1991;15;15;;3.471111111
Suivi des lacs;Léman;SHL2;23/03/1991;20;20;;2.971111111
Suivi des lacs;Léman;SHL2;23/03/1991;30;30;;1.794444444
Suivi des lacs;Léman;SHL2;23/04/1991;0;0;;9.991818182
Suivi des lacs;Léman;SHL2;23/04/1991;1;1;;11.36272727
Suivi des lacs;Léman;SHL2;23/04/1991;2;2;;11.51636364
Suivi des lacs;Léman;SHL2;23/04/1991;3.5;3.5;;11.52727273
Suivi des lacs;Léman;SHL2;23/04/1991;5;5;;8.927272727
Suivi des lacs;Léman;SHL2;23/04/1991;7.5;7.5;;6.953636364
Suivi des lacs;Léman;SHL2;23/04/1991;10;10;;5.854545455
Suivi des lacs;Léman;SHL2;23/04/1991;15;15;;4.409090909
Suivi des lacs;Léman;SHL2;23/04/1991;20;20;;3.853636364
Suivi des lacs;Léman;SHL2;23/04/1991;30;30;;2.674545455
Suivi des lacs;Léman;SHL2;23/05/1991;0;0;;8.020909091
Suivi des lacs;Léman;SHL2;23/05/1991;1;1;;9.348181818
Suivi des lacs;Léman;SHL2;23/05/1991;2;2;;11.44818182
Suivi des lacs;Léman;SHL2;23/05/1991;3.5;3.5;;11.46090909
Suivi des lacs;Léman;SHL2;23/05/1991;5;5;;11.05545455
Suivi des lacs;Léman;SHL2;23/05/1991;7.5;7.5;;9.492727273
Suivi des lacs;Léman;SHL2;23/05/1991;10;10;;6.235454545
Suivi des lacs;Léman;SHL2;23/05/1991;15;15;;3.350909091
Suivi des lacs;Léman;SHL2;23/05/1991;20;20;;2.153636364
Suivi des lacs;Léman;SHL2;23/05/1991;30;30;;1.364545455
Suivi des lacs;Léman;SHL2;23/06/1991;0;0;;3.565
Suivi des lacs;Léman;SHL2;23/06/1991;1;1;;4.267
Suivi des lacs;Léman;SHL2;23/06/1991;2;2;;5.33
Suivi des lacs;Léman;SHL2;23/06/1991;3.5;3.5;;6.242
Suivi des lacs;Léman;SHL2;23/06/1991;5;5;;7.16
Suivi des lacs;Léman;SHL2;23/06/1991;7.5;7.5;;5.931
Suivi des lacs;Léman;SHL2;23/06/1991;10;10;;4.487
Suivi des lacs;Léman;SHL2;23/06/1991;15;15;;1.51
Suivi des lacs;Léman;SHL2;23/06/1991;20;20;;0.686
Suivi des lacs;Léman;SHL2;23/06/1991;30;30;;0.417
Suivi des lacs;Léman;SHL2;23/07/1991;0;0;;3.994
Suivi des lacs;Léman;SHL2;23/07/1991;1;1;;4.338
Suivi des lacs;Léman;SHL2;23/07/1991;2;2;;4.887
Suivi des lacs;Léman;SHL2;23/07/1991;3.5;3.5;;5.765
Suivi des lacs;Léman;SHL2;23/07/1991;5;5;;7.689
Suivi des lacs;Léman;SHL2;23/07/1991;7.5;7.5;;11.334
Suivi des lacs;Léman;SHL2;23/07/1991;10;10;;10.787
Suivi des lacs;Léman;SHL2;23/07/1991;15;15;;6.175
Suivi des lacs;Léman;SHL2;23/07/1991;20;20;;3.055
Suivi des lacs;Léman;SHL2;23/07/1991;30;30;;1.052
Suivi des lacs;Léman;SHL2;23/08/1991;0;0;;4.057
Suivi des lacs;Léman;SHL2;23/08/1991;1;1;;4.252222222
Suivi des lacs;Léman;SHL2;23/08/1991;2;2;;3.887
Suivi des lacs;Léman;SHL2;23/08/1991;3.5;3.5;;4.04
Suivi des lacs;Léman;SHL2;23/08/1991;5;5;;3.839
Suivi des lacs;Léman;SHL2;23/08/1991;7.5;7.5;;4.783
Suivi des lacs;Léman;SHL2;23/08/1991;10;10;;5.497
Suivi des lacs;Léman;SHL2;23/08/1991;15;15;;3.921
Suivi des lacs;Léman;SHL2;23/08/1991;20;20;;3.612
Suivi des lacs;Léman;SHL2;23/08/1991;30;30;;1.468888889
Suivi des lacs;Léman;SHL2;23/09/1991;0;0;;4.428
Suivi des lacs;Léman;SHL2;23/09/1991;1;1;;4.704
Suivi des lacs;Léman;SHL2;23/09/1991;2;2;;4.781
Suivi des lacs;Léman;SHL2;23/09/1991;3.5;3.5;;4.805
Suivi des lacs;Léman;SHL2;23/09/1991;5;5;;4.932
Suivi des lacs;Léman;SHL2;23/09/1991;7.5;7.5;;5.113
Suivi des lacs;Léman;SHL2;23/09/1991;10;10;;4.997
Suivi des lacs;Léman;SHL2;23/09/1991;15;15;;3.744
Suivi des lacs;Léman;SHL2;23/09/1991;20;20;;1.788
Suivi des lacs;Léman;SHL2;23/09/1991;30;30;;0.871
Suivi des lacs;Léman;SHL2;23/10/1991;0;0;;4.5925
Suivi des lacs;Léman;SHL2;23/10/1991;1;1;;4.93625
Suivi des lacs;Léman;SHL2;23/10/1991;2;2;;5.31875
Suivi des lacs;Léman;SHL2;23/10/1991;3.5;3.5;;5.59375
Suivi des lacs;Léman;SHL2;23/10/1991;5;5;;5.715
Suivi des lacs;Léman;SHL2;23/10/1991;7.5;7.5;;5.71375
Suivi des lacs;Léman;SHL2;23/10/1991;10;10;;5.4225
Suivi des lacs;Léman;SHL2;23/10/1991;15;15;;5.475
Suivi des lacs;Léman;SHL2;23/10/1991;20;20;;3.6375
Suivi des lacs;Léman;SHL2;23/10/1991;30;30;;1.5475
Suivi des lacs;Léman;SHL2;23/11/1991;0;0;;4.891111111
Suivi des lacs;Léman;SHL2;23/11/1991;1;1;;5.067777778
Suivi des lacs;Léman;SHL2;23/11/1991;2;2;;5.106666667
Suivi des lacs;Léman;SHL2;23/11/1991;3.5;3.5;;5.19
Suivi des lacs;Léman;SHL2;23/11/1991;5;5;;5.042222222
Suivi des lacs;Léman;SHL2;23/11/1991;7.5;7.5;;4.786666667
Suivi des lacs;Léman;SHL2;23/11/1991;10;10;;4.071111111
Suivi des lacs;Léman;SHL2;23/11/1991;15;15;;3.396666667
Suivi des lacs;Léman;SHL2;23/11/1991;20;20;;2.548888889
Suivi des lacs;Léman;SHL2;23/11/1991;30;30;;1.346666667
Suivi des lacs;Léman;SHL2;23/12/1991;0;0;;2.1575
Suivi des lacs;Léman;SHL2;23/12/1991;1;1;;2.28
Suivi des lacs;Léman;SHL2;23/12/1991;2;2;;2.295
Suivi des lacs;Léman;SHL2;23/12/1991;3.5;3.5;;2.2875
Suivi des lacs;Léman;SHL2;23/12/1991;5;5;;2.2825
Suivi des lacs;Léman;SHL2;23/12/1991;7.5;7.5;;2.275
Suivi des lacs;Léman;SHL2;23/12/1991;10;10;;2.225
Suivi des lacs;Léman;SHL2;23/12/1991;15;15;;2.285
Suivi des lacs;Léman;SHL2;23/12/1991;20;20;;2.2375
Suivi des lacs;Léman;SHL2;23/12/1991;30;30;;0.8875
Suivi des lacs;Léman;SHL2;23/01/1996;0;0;;1.3125
Suivi des lacs;Léman;SHL2;23/01/1996;1;1;;1.2875
Suivi des lacs;Léman;SHL2;23/01/1996;2;2;;1.385
Suivi des lacs;Léman;SHL2;23/01/1996;3.5;3.5;;1.3675
Suivi des lacs;Léman;SHL2;23/01/1996;5;5;;1.395
Suivi des lacs;Léman;SHL2;23/01/1996;7.5;7.5;;1.4025
Suivi des lacs;Léman;SHL2;23/01/1996;10;10;;1.3825
Suivi des lacs;Léman;SHL2;23/01/1996;15;15;;1.38
Suivi des lacs;Léman;SHL2;23/01/1996;20;20;;1.365
Suivi des lacs;Léman;SHL2;23/01/1996;30;30;;1.41
Suivi des lacs;Léman;SHL2;23/02/1996;0;0;;1.074
Suivi des lacs;Léman;SHL2;23/02/1996;1;1;;1.196
Suivi des lacs;Léman;SHL2;23/02/1996;2;2;;1.182
Suivi des lacs;Léman;SHL2;23/02/1996;3.5;3.5;;1.186
Suivi des lacs;Léman;SHL2;23/02/1996;5;5;;1.2
Suivi des lacs;Léman;SHL2;23/02/1996;7.5;7.5;;1.184
Suivi des lacs;Léman;SHL2;23/02/1996;10;10;;1.166
Suivi des lacs;Léman;SHL2;23/02/1996;15;15;;1.144
Suivi des lacs;Léman;SHL2;23/02/1996;20;20;;1.062
Suivi des lacs;Léman;SHL2;23/02/1996;30;30;;1.05
Suivi des lacs;Léman;SHL2;23/03/1996;0;0;;4.53
Suivi des lacs;Léman;SHL2;23/03/1996;1;1;;4.617272727
Suivi des lacs;Léman;SHL2;23/03/1996;2;2;;4.988181818
Suivi des lacs;Léman;SHL2;23/03/1996;3.5;3.5;;5.065454545
Suivi des lacs;Léman;SHL2;23/03/1996;5;5;;4.944545455
Suivi des lacs;Léman;SHL2;23/03/1996;7.5;7.5;;4.704545455
Suivi des lacs;Léman;SHL2;23/03/1996;10;10;;4.168181818
Suivi des lacs;Léman;SHL2;23/03/1996;15;15;;3.025454545
Suivi des lacs;Léman;SHL2;23/03/1996;20;20;;2.528181818
Suivi des lacs;Léman;SHL2;23/03/1996;30;30;;2.216363636
Suivi des lacs;Léman;SHL2;23/04/1996;0;0;;10.77875
Suivi des lacs;Léman;SHL2;23/04/1996;1;1;;13.12
Suivi des lacs;Léman;SHL2;23/04/1996;2;2;;12.95
Suivi des lacs;Léman;SHL2;23/04/1996;3.5;3.5;;12.3475
Suivi des lacs;Léman;SHL2;23/04/1996;5;5;;9.4575
Suivi des lacs;Léman;SHL2;23/04/1996;7.5;7.5;;7.595
Suivi des lacs;Léman;SHL2;23/04/1996;10;10;;6.38625
Suivi des lacs;Léman;SHL2;23/04/1996;15;15;;4.65875
Suivi des lacs;Léman;SHL2;23/04/1996;20;20;;3.67125
Suivi des lacs;Léman;SHL2;23/04/1996;30;30;;3.3575
Suivi des lacs;Léman;SHL2;23/05/1996;0;0;;4.922
Suivi des lacs;Léman;SHL2;23/05/1996;1;1;;6.137
Suivi des lacs;Léman;SHL2;23/05/1996;2;2;;7.77
Suivi des lacs;Léman;SHL2;23/05/1996;3.5;3.5;;8.336
Suivi des lacs;Léman;SHL2;23/05/1996;5;5;;7.044
Suivi des lacs;Léman;SHL2;23/05/1996;7.5;7.5;;5.479
Suivi des lacs;Léman;SHL2;23/05/1996;10;10;;4.76
Suivi des lacs;Léman;SHL2;23/05/1996;15;15;;2.698
Suivi des lacs;Léman;SHL2;23/05/1996;20;20;;2.006
Suivi des lacs;Léman;SHL2;23/05/1996;30;30;;1.214
Suivi des lacs;Léman;SHL2;23/06/1996;0;0;;2.955
Suivi des lacs;Léman;SHL2;23/06/1996;1;1;;3.403
Suivi des lacs;Léman;SHL2;23/06/1996;2;2;;3.703
Suivi des lacs;Léman;SHL2;23/06/1996;3.5;3.5;;4.49
Suivi des lacs;Léman;SHL2;23/06/1996;5;5;;5.474
Suivi des lacs;Léman;SHL2;23/06/1996;7.5;7.5;;6.352
Suivi des lacs;Léman;SHL2;23/06/1996;10;10;;6.955
Suivi des lacs;Léman;SHL2;23/06/1996;15;15;;3.355
Suivi des lacs;Léman;SHL2;23/06/1996;20;20;;1.828
Suivi des lacs;Léman;SHL2;23/06/1996;30;30;;0.769
Suivi des lacs;Léman;SHL2;23/07/1996;0;0;;4.526
Suivi des lacs;Léman;SHL2;23/07/1996;1;1;;5.383
Suivi des lacs;Léman;SHL2;23/07/1996;2;2;;5.948
Suivi des lacs;Léman;SHL2;23/07/1996;3.5;3.5;;6.204
Suivi des lacs;Léman;SHL2;23/07/1996;5;5;;6.762
Suivi des lacs;Léman;SHL2;23/07/1996;7.5;7.5;;7.779
Suivi des lacs;Léman;SHL2;23/07/1996;10;10;;8.609
Suivi des lacs;Léman;SHL2;23/07/1996;15;15;;5.014
Suivi des lacs;Léman;SHL2;23/07/1996;20;20;;2.296
Suivi des lacs;Léman;SHL2;23/07/1996;30;30;;1.003
Suivi des lacs;Léman;SHL2;23/08/1996;0;0;;5.599
Suivi des lacs;Léman;SHL2;23/08/1996;1;1;;6.63
Suivi des lacs;Léman;SHL2;23/08/1996;2;2;;7.033
Suivi des lacs;Léman;SHL2;23/08/1996;3.5;3.5;;6.857
Suivi des lacs;Léman;SHL2;23/08/1996;5;5;;7.245
Suivi des lacs;Léman;SHL2;23/08/1996;7.5;7.5;;8.434
Suivi des lacs;Léman;SHL2;23/08/1996;10;10;;8.153
Suivi des lacs;Léman;SHL2;23/08/1996;15;15;;4.957
Suivi des lacs;Léman;SHL2;23/08/1996;20;20;;2.155
Suivi des lacs;Léman;SHL2;23/08/1996;30;30;;0.764
Suivi des lacs;Léman;SHL2;23/09/1996;0;0;;7.797
Suivi des lacs;Léman;SHL2;23/09/1996;1;1;;8.323
Suivi des lacs;Léman;SHL2;23/09/1996;2;2;;8.742
Suivi des lacs;Léman;SHL2;23/09/1996;3.5;3.5;;8.732
Suivi des lacs;Léman;SHL2;23/09/1996;5;5;;9.286
Suivi des lacs;Léman;SHL2;23/09/1996;7.5;7.5;;10.634
Suivi des lacs;Léman;SHL2;23/09/1996;10;10;;11.566
Suivi des lacs;Léman;SHL2;23/09/1996;15;15;;7.852
Suivi des lacs;Léman;SHL2;23/09/1996;20;20;;3.76
Suivi des lacs;Léman;SHL2;23/09/1996;30;30;;1.976
Suivi des lacs;Léman;SHL2;23/10/1996;0;0;;6.542222222
Suivi des lacs;Léman;SHL2;23/10/1996;1;1;;7.017777778
Suivi des lacs;Léman;SHL2;23/10/1996;2;2;;7.117777778
Suivi des lacs;Léman;SHL2;23/10/1996;3.5;3.5;;7.135555556
Suivi des lacs;Léman;SHL2;23/10/1996;5;5;;7.478888889
Suivi des lacs;Léman;SHL2;23/10/1996;7.5;7.5;;7.548888889
Suivi des lacs;Léman;SHL2;23/10/1996;10;10;;7.606666667
Suivi des lacs;Léman;SHL2;23/10/1996;15;15;;6.715555556
Suivi des lacs;Léman;SHL2;23/10/1996;20;20;;5.491111111
Suivi des lacs;Léman;SHL2;23/10/1996;30;30;;2.768888889
Suivi des lacs;Léman;SHL2;23/11/1996;0;0;;3.295
Suivi des lacs;Léman;SHL2;23/11/1996;1;1;;3.7475
Suivi des lacs;Léman;SHL2;23/11/1996;2;2;;3.745
Suivi des lacs;Léman;SHL2;23/11/1996;3.5;3.5;;3.71375
Suivi des lacs;Léman;SHL2;23/11/1996;5;5;;3.62
Suivi des lacs;Léman;SHL2;23/11/1996;7.5;7.5;;3.65875
Suivi des lacs;Léman;SHL2;23/11/1996;10;10;;3.59375
Suivi des lacs;Léman;SHL2;23/11/1996;15;15;;2.80625
Suivi des lacs;Léman;SHL2;23/11/1996;20;20;;2.47875
Suivi des lacs;Léman;SHL2;23/11/1996;30;30;;1.99875
Suivi des lacs;Léman;SHL2;23/12/1996;0;0;;4.216
Suivi des lacs;Léman;SHL2;23/12/1996;1;1;;4.402
Suivi des lacs;Léman;SHL2;23/12/1996;2;2;;4.732
Suivi des lacs;Léman;SHL2;23/12/1996;3.5;3.5;;4.928
Suivi des lacs;Léman;SHL2;23/12/1996;5;5;;4.616
Suivi des lacs;Léman;SHL2;23/12/1996;7.5;7.5;;4.638
Suivi des lacs;Léman;SHL2;23/12/1996;10;10;;4.682
Suivi des lacs;Léman;SHL2;23/12/1996;15;15;;4.572
Suivi des lacs;Léman;SHL2;23/12/1996;20;20;;4.6
Suivi des lacs;Léman;SHL2;23/12/1996;30;30;;4.576
Suivi des lacs;Léman;SHL2;23/01/2001;0;0;;3.705
Suivi des lacs;Léman;SHL2;23/01/2001;1;1;;4.0475
Suivi des lacs;Léman;SHL2;23/01/2001;2;2;;3.9525
Suivi des lacs;Léman;SHL2;23/01/2001;3.5;3.5;;4.825
Suivi des lacs;Léman;SHL2;23/01/2001;5;5;;3.9775
Suivi des lacs;Léman;SHL2;23/01/2001;7.5;7.5;;4.415
Suivi des lacs;Léman;SHL2;23/01/2001;10;10;;4.3625
Suivi des lacs;Léman;SHL2;23/01/2001;15;15;;3.9225
Suivi des lacs;Léman;SHL2;23/01/2001;20;20;;4.1675
Suivi des lacs;Léman;SHL2;23/01/2001;30;30;;3.5425
Suivi des lacs;Léman;SHL2;23/02/2001;0;0;;2.576666667
Suivi des lacs;Léman;SHL2;23/02/2001;1;1;;2.458333333
Suivi des lacs;Léman;SHL2;23/02/2001;2;2;;2.65
Suivi des lacs;Léman;SHL2;23/02/2001;3.5;3.5;;2.765
Suivi des lacs;Léman;SHL2;23/02/2001;5;5;;2.628333333
Suivi des lacs;Léman;SHL2;23/02/2001;7.5;7.5;;2.901666667
Suivi des lacs;Léman;SHL2;23/02/2001;10;10;;2.615
Suivi des lacs;Léman;SHL2;23/02/2001;15;15;;2.586666667
Suivi des lacs;Léman;SHL2;23/02/2001;20;20;;2.75
Suivi des lacs;Léman;SHL2;23/02/2001;30;30;;2.505
Suivi des lacs;Léman;SHL2;23/03/2001;0;0;;12.632
Suivi des lacs;Léman;SHL2;23/03/2001;1;1;;12.345
Suivi des lacs;Léman;SHL2;23/03/2001;2;2;;12.105
Suivi des lacs;Léman;SHL2;23/03/2001;3.5;3.5;;7.469
Suivi des lacs;Léman;SHL2;23/03/2001;5;5;;7.758
Suivi des lacs;Léman;SHL2;23/03/2001;7.5;7.5;;6.403
Suivi des lacs;Léman;SHL2;23/03/2001;10;10;;5.564
Suivi des lacs;Léman;SHL2;23/03/2001;15;15;;4.517
Suivi des lacs;Léman;SHL2;23/03/2001;20;20;;3.756
Suivi des lacs;Léman;SHL2;23/03/2001;30;30;;3.035
Suivi des lacs;Léman;SHL2;23/04/2001;0;0;;7.533636364
Suivi des lacs;Léman;SHL2;23/04/2001;1;1;;8.560909091
Suivi des lacs;Léman;SHL2;23/04/2001;2;2;;12.9
Suivi des lacs;Léman;SHL2;23/04/2001;3.5;3.5;;10.95181818
Suivi des lacs;Léman;SHL2;23/04/2001;5;5;;8.72
Suivi des lacs;Léman;SHL2;23/04/2001;7.5;7.5;;8.006363636
Suivi des lacs;Léman;SHL2;23/04/2001;10;10;;6.567272727
Suivi des lacs;Léman;SHL2;23/04/2001;15;15;;5.166363636
Suivi des lacs;Léman;SHL2;23/04/2001;20;20;;3.680909091
Suivi des lacs;Léman;SHL2;23/04/2001;30;30;;2.397272727
Suivi des lacs;Léman;SHL2;23/05/2001;0;0;;5.757777778
Suivi des lacs;Léman;SHL2;23/05/2001;1;1;;6.896666667
Suivi des lacs;Léman;SHL2;23/05/2001;2;2;;7.857777778
Suivi des lacs;Léman;SHL2;23/05/2001;3.5;3.5;;7.837777778
Suivi des lacs;Léman;SHL2;23/05/2001;5;5;;7.216666667
Suivi des lacs;Léman;SHL2;23/05/2001;7.5;7.5;;5.278888889
Suivi des lacs;Léman;SHL2;23/05/2001;10;10;;4.356666667
Suivi des lacs;Léman;SHL2;23/05/2001;15;15;;2.621111111
Suivi des lacs;Léman;SHL2;23/05/2001;20;20;;1.713333333
Suivi des lacs;Léman;SHL2;23/05/2001;30;30;;1.45
Suivi des lacs;Léman;SHL2;23/06/2001;0;0;;3.735
Suivi des lacs;Léman;SHL2;23/06/2001;1;1;;4.576
Suivi des lacs;Léman;SHL2;23/06/2001;2;2;;6.109
Suivi des lacs;Léman;SHL2;23/06/2001;3.5;3.5;;7.245
Suivi des lacs;Léman;SHL2;23/06/2001;5;5;;8.781
Suivi des lacs;Léman;SHL2;23/06/2001;7.5;7.5;;11.377
Suivi des lacs;Léman;SHL2;23/06/2001;10;10;;8.545
Suivi des lacs;Léman;SHL2;23/06/2001;15;15;;3.439
Suivi des lacs;Léman;SHL2;23/06/2001;20;20;;1.863
Suivi des lacs;Léman;SHL2;23/06/2001;30;30;;0.811
Suivi des lacs;Léman;SHL2;23/07/2001;0;0;;4.7
Suivi des lacs;Léman;SHL2;23/07/2001;1;1;;5.695
Suivi des lacs;Léman;SHL2;23/07/2001;2;2;;6.439
Suivi des lacs;Léman;SHL2;23/07/2001;3.5;3.5;;6.884
Suivi des lacs;Léman;SHL2;23/07/2001;5;5;;8.035
Suivi des lacs;Léman;SHL2;23/07/2001;7.5;7.5;;9.14
Suivi des lacs;Léman;SHL2;23/07/2001;10;10;;9.909
Suivi des lacs;Léman;SHL2;23/07/2001;15;15;;7.375
Suivi des lacs;Léman;SHL2;23/07/2001;20;20;;3.116
Suivi des lacs;Léman;SHL2;23/07/2001;30;30;;1.264
Suivi des lacs;Léman;SHL2;23/08/2001;0;0;;5.032
Suivi des lacs;Léman;SHL2;23/08/2001;1;1;;5.461
Suivi des lacs;Léman;SHL2;23/08/2001;2;2;;5.685
Suivi des lacs;Léman;SHL2;23/08/2001;3.5;3.5;;5.927
Suivi des lacs;Léman;SHL2;23/08/2001;5;5;;6.151
Suivi des lacs;Léman;SHL2;23/08/2001;7.5;7.5;;8.093
Suivi des lacs;Léman;SHL2;23/08/2001;10;10;;9.967
Suivi des lacs;Léman;SHL2;23/08/2001;15;15;;11.47111111
Suivi des lacs;Léman;SHL2;23/08/2001;20;20;;7.297
Suivi des lacs;Léman;SHL2;23/08/2001;30;30;;2.897
Suivi des lacs;Léman;SHL2;23/09/2001;0;0;;4.425555556
Suivi des lacs;Léman;SHL2;23/09/2001;1;1;;4.677777778
Suivi des lacs;Léman;SHL2;23/09/2001;2;2;;4.838888889
Suivi des lacs;Léman;SHL2;23/09/2001;3.5;3.5;;5.281111111
Suivi des lacs;Léman;SHL2;23/09/2001;5;5;;5.403333333
Suivi des lacs;Léman;SHL2;23/09/2001;7.5;7.5;;6.348888889
Suivi des lacs;Léman;SHL2;23/09/2001;10;10;;6.317777778
Suivi des lacs;Léman;SHL2;23/09/2001;15;15;;3.655555556
Suivi des lacs;Léman;SHL2;23/09/2001;20;20;;1.841111111
Suivi des lacs;Léman;SHL2;23/09/2001;30;30;;0.797777778
Suivi des lacs;Léman;SHL2;23/10/2001;0;0;;3.76
Suivi des lacs;Léman;SHL2;23/10/2001;1;1;;4.004444444
Suivi des lacs;Léman;SHL2;23/10/2001;2;2;;4.057777778
Suivi des lacs;Léman;SHL2;23/10/2001;3.5;3.5;;4.221111111
Suivi des lacs;Léman;SHL2;23/10/2001;5;5;;3.781111111
Suivi des lacs;Léman;SHL2;23/10/2001;7.5;7.5;;3.762222222
Suivi des lacs;Léman;SHL2;23/10/2001;10;10;;4.255555556
Suivi des lacs;Léman;SHL2;23/10/2001;15;15;;3.825555556
Suivi des lacs;Léman;SHL2;23/10/2001;20;20;;3.24
Suivi des lacs;Léman;SHL2;23/10/2001;30;30;;1.572222222
Suivi des lacs;Léman;SHL2;23/11/2001;0;0;;5.311428571
Suivi des lacs;Léman;SHL2;23/11/2001;1;1;;5.46
Suivi des lacs;Léman;SHL2;23/11/2001;2;2;;5.492857143
Suivi des lacs;Léman;SHL2;23/11/2001;3.5;3.5;;5.545714286
Suivi des lacs;Léman;SHL2;23/11/2001;5;5;;5.387142857
Suivi des lacs;Léman;SHL2;23/11/2001;7.5;7.5;;5.414285714
Suivi des lacs;Léman;SHL2;23/11/2001;10;10;;5.94
Suivi des lacs;Léman;SHL2;23/11/2001;15;15;;3.981428571
Suivi des lacs;Léman;SHL2;23/11/2001;20;20;;3.26
Suivi des lacs;Léman;SHL2;23/11/2001;30;30;;2.22
Suivi des lacs;Léman;SHL2;23/12/2001;0;0;;3.545
Suivi des lacs;Léman;SHL2;23/12/2001;1;1;;3.4975
Suivi des lacs;Léman;SHL2;23/12/2001;2;2;;4.1225
Suivi des lacs;Léman;SHL2;23/12/2001;3.5;3.5;;4.14
Suivi des lacs;Léman;SHL2;23/12/2001;5;5;;3.61
Suivi des lacs;Léman;SHL2;23/12/2001;7.5;7.5;;3.58
Suivi des lacs;Léman;SHL2;23/12/2001;10;10;;3.595
Suivi des lacs;Léman;SHL2;23/12/2001;15;15;;3.0675
Suivi des lacs;Léman;SHL2;23/12/2001;20;20;;2.1375
Suivi des lacs;Léman;SHL2;23/12/2001;30;30;;1.6775
Suivi des lacs;Léman;SHL2;23/01/2006;0;0;;1.8666
Suivi des lacs;Léman;SHL2;23/01/2006;1;1;;2.0478
Suivi des lacs;Léman;SHL2;23/01/2006;2;2;;2.094
Suivi des lacs;Léman;SHL2;23/01/2006;3.5;3.5;;1.9598
Suivi des lacs;Léman;SHL2;23/01/2006;5;5;;2.11
Suivi des lacs;Léman;SHL2;23/01/2006;7.5;7.5;;1.954
Suivi des lacs;Léman;SHL2;23/01/2006;10;10;;2.079
Suivi des lacs;Léman;SHL2;23/01/2006;15;15;;2.0246
Suivi des lacs;Léman;SHL2;23/01/2006;20;20;;2.0156
Suivi des lacs;Léman;SHL2;23/01/2006;30;30;;1.8636
Suivi des lacs;Léman;SHL2;23/02/2006;0;0;;1.4822
Suivi des lacs;Léman;SHL2;23/02/2006;1;1;;1.7842
Suivi des lacs;Léman;SHL2;23/02/2006;2;2;;1.8144
Suivi des lacs;Léman;SHL2;23/02/2006;3.5;3.5;;1.8116
Suivi des lacs;Léman;SHL2;23/02/2006;5;5;;1.9078
Suivi des lacs;Léman;SHL2;23/02/2006;7.5;7.5;;1.8084
Suivi des lacs;Léman;SHL2;23/02/2006;10;10;;1.7434
Suivi des lacs;Léman;SHL2;23/02/2006;15;15;;1.731
Suivi des lacs;Léman;SHL2;23/02/2006;20;20;;1.717
Suivi des lacs;Léman;SHL2;23/02/2006;30;30;;1.7326
Suivi des lacs;Léman;SHL2;23/03/2006;0;0;;2.998
Suivi des lacs;Léman;SHL2;23/03/2006;1;1;;3.780777778
Suivi des lacs;Léman;SHL2;23/03/2006;2;2;;3.753111111
Suivi des lacs;Léman;SHL2;23/03/2006;3.5;3.5;;3.762333333
Suivi des lacs;Léman;SHL2;23/03/2006;5;5;;3.788
Suivi des lacs;Léman;SHL2;23/03/2006;7.5;7.5;;3.372888889
Suivi des lacs;Léman;SHL2;23/03/2006;10;10;;3.471111111
Suivi des lacs;Léman;SHL2;23/03/2006;15;15;;3.040777778
Suivi des lacs;Léman;SHL2;23/03/2006;20;20;;2.818444444
Suivi des lacs;Léman;SHL2;23/03/2006;30;30;;2.270888889
Suivi des lacs;Léman;SHL2;23/04/2006;0;0;;8.5241
Suivi des lacs;Léman;SHL2;23/04/2006;1;1;;10.4618
Suivi des lacs;Léman;SHL2;23/04/2006;2;2;;11.6569
Suivi des lacs;Léman;SHL2;23/04/2006;3.5;3.5;;10.5748
Suivi des lacs;Léman;SHL2;23/04/2006;5;5;;8.8838
Suivi des lacs;Léman;SHL2;23/04/2006;7.5;7.5;;7.3305
Suivi des lacs;Léman;SHL2;23/04/2006;10;10;;6.9921
Suivi des lacs;Léman;SHL2;23/04/2006;15;15;;5.5317
Suivi des lacs;Léman;SHL2;23/04/2006;20;20;;4.2192
Suivi des lacs;Léman;SHL2;23/04/2006;30;30;;2.912
Suivi des lacs;Léman;SHL2;23/05/2006;0;0;;2.70325
Suivi des lacs;Léman;SHL2;23/05/2006;1;1;;3.90875
Suivi des lacs;Léman;SHL2;23/05/2006;2;2;;3.8785
Suivi des lacs;Léman;SHL2;23/05/2006;3.5;3.5;;4.4245
Suivi des lacs;Léman;SHL2;23/05/2006;5;5;;4.438875
Suivi des lacs;Léman;SHL2;23/05/2006;7.5;7.5;;4.31975
Suivi des lacs;Léman;SHL2;23/05/2006;10;10;;4.8135
Suivi des lacs;Léman;SHL2;23/05/2006;15;15;;3.419
Suivi des lacs;Léman;SHL2;23/05/2006;20;20;;2.207875
Suivi des lacs;Léman;SHL2;23/05/2006;30;30;;1.0335
Suivi des lacs;Léman;SHL2;23/06/2006;0;0;;1.9663
Suivi des lacs;Léman;SHL2;23/06/2006;1;1;;3.1059
Suivi des lacs;Léman;SHL2;23/06/2006;2;2;;3.6194
Suivi des lacs;Léman;SHL2;23/06/2006;3.5;3.5;;4.0839
Suivi des lacs;Léman;SHL2;23/06/2006;5;5;;4.2426
Suivi des lacs;Léman;SHL2;23/06/2006;7.5;7.5;;4.7455
Suivi des lacs;Léman;SHL2;23/06/2006;10;10;;4.812
Suivi des lacs;Léman;SHL2;23/06/2006;15;15;;4.1218
Suivi des lacs;Léman;SHL2;23/06/2006;20;20;;2.8822
Suivi des lacs;Léman;SHL2;23/06/2006;30;30;;1.3778
Suivi des lacs;Léman;SHL2;23/07/2006;0;0;;4.3639
Suivi des lacs;Léman;SHL2;23/07/2006;1;1;;6.2532
Suivi des lacs;Léman;SHL2;23/07/2006;2;2;;6.8424
Suivi des lacs;Léman;SHL2;23/07/2006;3.5;3.5;;7.0024
Suivi des lacs;Léman;SHL2;23/07/2006;5;5;;7.1327
Suivi des lacs;Léman;SHL2;23/07/2006;7.5;7.5;;9.7711
Suivi des lacs;Léman;SHL2;23/07/2006;10;10;;7.9146
Suivi des lacs;Léman;SHL2;23/07/2006;15;15;;6.9151
Suivi des lacs;Léman;SHL2;23/07/2006;20;20;;6.056
Suivi des lacs;Léman;SHL2;23/07/2006;30;30;;1.9229
Suivi des lacs;Léman;SHL2;23/08/2006;0;0;;3.06
Suivi des lacs;Léman;SHL2;23/08/2006;1;1;;3.755875
Suivi des lacs;Léman;SHL2;23/08/2006;2;2;;3.744
Suivi des lacs;Léman;SHL2;23/08/2006;3.5;3.5;;3.911125
Suivi des lacs;Léman;SHL2;23/08/2006;5;5;;4.96175
Suivi des lacs;Léman;SHL2;23/08/2006;7.5;7.5;;5.534
Suivi des lacs;Léman;SHL2;23/08/2006;10;10;;6.22475
Suivi des lacs;Léman;SHL2;23/08/2006;15;15;;7.306625
Suivi des lacs;Léman;SHL2;23/08/2006;20;20;;6.13775
Suivi des lacs;Léman;SHL2;23/08/2006;30;30;;2.681
Suivi des lacs;Léman;SHL2;23/09/2006;0;0;;3.522888889
Suivi des lacs;Léman;SHL2;23/09/2006;1;1;;4.098666667
Suivi des lacs;Léman;SHL2;23/09/2006;2;2;;4.514333333
Suivi des lacs;Léman;SHL2;23/09/2006;3.5;3.5;;4.358444444
Suivi des lacs;Léman;SHL2;23/09/2006;5;5;;4.804777778
Suivi des lacs;Léman;SHL2;23/09/2006;7.5;7.5;;4.699444444
Suivi des lacs;Léman;SHL2;23/09/2006;10;10;;5.602777778
Suivi des lacs;Léman;SHL2;23/09/2006;15;15;;4.611777778
Suivi des lacs;Léman;SHL2;23/09/2006;20;20;;3.998
Suivi des lacs;Léman;SHL2;23/09/2006;30;30;;1.688888889
Suivi des lacs;Léman;SHL2;23/10/2006;0;0;;5.156888889
Suivi des lacs;Léman;SHL2;23/10/2006;1;1;;5.434555556
Suivi des lacs;Léman;SHL2;23/10/2006;2;2;;5.639888889
Suivi des lacs;Léman;SHL2;23/10/2006;3.5;3.5;;5.766222222
Suivi des lacs;Léman;SHL2;23/10/2006;5;5;;5.165777778
Suivi des lacs;Léman;SHL2;23/10/2006;7.5;7.5;;5.310444444
Suivi des lacs;Léman;SHL2;23/10/2006;10;10;;5.036
Suivi des lacs;Léman;SHL2;23/10/2006;15;15;;3.809666667
Suivi des lacs;Léman;SHL2;23/10/2006;20;20;;2.968666667
Suivi des lacs;Léman;SHL2;23/10/2006;30;30;;1.624333333
Suivi des lacs;Léman;SHL2;23/11/2006;0;0;;4.6585
Suivi des lacs;Léman;SHL2;23/11/2006;1;1;;5.079333333
Suivi des lacs;Léman;SHL2;23/11/2006;2;2;;5.104666667
Suivi des lacs;Léman;SHL2;23/11/2006;3.5;3.5;;4.669
Suivi des lacs;Léman;SHL2;23/11/2006;5;5;;4.9205
Suivi des lacs;Léman;SHL2;23/11/2006;7.5;7.5;;4.8615
Suivi des lacs;Léman;SHL2;23/11/2006;10;10;;4.3
Suivi des lacs;Léman;SHL2;23/11/2006;15;15;;4.396
Suivi des lacs;Léman;SHL2;23/11/2006;20;20;;3.8345
Suivi des lacs;Léman;SHL2;23/11/2006;30;30;;1.825
Suivi des lacs;Léman;SHL2;23/12/2006;0;0;;2.9096
Suivi des lacs;Léman;SHL2;23/12/2006;1;1;;2.9888
Suivi des lacs;Léman;SHL2;23/12/2006;2;2;;2.9258
Suivi des lacs;Léman;SHL2;23/12/2006;3.5;3.5;;2.9848
Suivi des lacs;Léman;SHL2;23/12/2006;5;5;;3.0424
Suivi des lacs;Léman;SHL2;23/12/2006;7.5;7.5;;2.8334
Suivi des lacs;Léman;SHL2;23/12/2006;10;10;;2.875
Suivi des lacs;Léman;SHL2;23/12/2006;15;15;;2.7494
Suivi des lacs;Léman;SHL2;23/12/2006;20;20;;2.8668
Suivi des lacs;Léman;SHL2;23/12/2006;30;30;;2.8166
Suivi des lacs;Léman;SHL2;23/01/2011;0;0;;2.168
Suivi des lacs;Léman;SHL2;23/01/2011;1;1;;2.482
Suivi des lacs;Léman;SHL2;23/01/2011;2;2;;1.855
Suivi des lacs;Léman;SHL2;23/01/2011;2.5;2.5;;2.833333333
Suivi des lacs;Léman;SHL2;23/01/2011;3.5;3.5;;2.558
Suivi des lacs;Léman;SHL2;23/01/2011;5;5;;2.458
Suivi des lacs;Léman;SHL2;23/01/2011;7.5;7.5;;2.418
Suivi des lacs;Léman;SHL2;23/01/2011;10;10;;2.47
Suivi des lacs;Léman;SHL2;23/01/2011;15;15;;2.364
Suivi des lacs;Léman;SHL2;23/01/2011;20;20;;2.442
Suivi des lacs;Léman;SHL2;23/01/2011;30;30;;2.396
Suivi des lacs;Léman;SHL2;23/02/2011;0;0;;2.118
Suivi des lacs;Léman;SHL2;23/02/2011;1;1;;2.184
Suivi des lacs;Léman;SHL2;23/02/2011;2;2;;2.385
Suivi des lacs;Léman;SHL2;23/02/2011;2.5;2.5;;2.18
Suivi des lacs;Léman;SHL2;23/02/2011;3.5;3.5;;2.252
Suivi des lacs;Léman;SHL2;23/02/2011;5;5;;2.37
Suivi des lacs;Léman;SHL2;23/02/2011;7.5;7.5;;2.324
Suivi des lacs;Léman;SHL2;23/02/2011;10;10;;2.152
Suivi des lacs;Léman;SHL2;23/02/2011;15;15;;1.918
Suivi des lacs;Léman;SHL2;23/02/2011;20;20;;1.786
Suivi des lacs;Léman;SHL2;23/02/2011;30;30;;1.73
Suivi des lacs;Léman;SHL2;23/03/2011;0;0;;5.277
Suivi des lacs;Léman;SHL2;23/03/2011;1;1;;6.297
Suivi des lacs;Léman;SHL2;23/03/2011;2;2;;8.6025
Suivi des lacs;Léman;SHL2;23/03/2011;2.5;2.5;;4.996666667
Suivi des lacs;Léman;SHL2;23/03/2011;3.5;3.5;;6.526
Suivi des lacs;Léman;SHL2;23/03/2011;5;5;;6.387
Suivi des lacs;Léman;SHL2;23/03/2011;7.5;7.5;;6.063
Suivi des lacs;Léman;SHL2;23/03/2011;10;10;;5.714
Suivi des lacs;Léman;SHL2;23/03/2011;15;15;;5.216
Suivi des lacs;Léman;SHL2;23/03/2011;20;20;;3.973
Suivi des lacs;Léman;SHL2;23/03/2011;30;30;;3.186
Suivi des lacs;Léman;SHL2;23/04/2011;0;0;;6.497777778
Suivi des lacs;Léman;SHL2;23/04/2011;1;1;;7.335555556
Suivi des lacs;Léman;SHL2;23/04/2011;2;2;;9.105
Suivi des lacs;Léman;SHL2;23/04/2011;2.5;2.5;;8.091428571
Suivi des lacs;Léman;SHL2;23/04/2011;3.5;3.5;;8.705555556
Suivi des lacs;Léman;SHL2;23/04/2011;5;5;;8.572222222
Suivi des lacs;Léman;SHL2;23/04/2011;7.5;7.5;;7.774444444
Suivi des lacs;Léman;SHL2;23/04/2011;10;10;;7.78
Suivi des lacs;Léman;SHL2;23/04/2011;15;15;;6.823333333
Suivi des lacs;Léman;SHL2;23/04/2011;20;20;;4.74125
Suivi des lacs;Léman;SHL2;23/04/2011;30;30;;3.41
Suivi des lacs;Léman;SHL2;23/05/2011;0;0;;2.361
Suivi des lacs;Léman;SHL2;23/05/2011;1;1;;3.632
Suivi des lacs;Léman;SHL2;23/05/2011;2;2;;2.5275
Suivi des lacs;Léman;SHL2;23/05/2011;2.5;2.5;;5.255
Suivi des lacs;Léman;SHL2;23/05/2011;3.5;3.5;;4.672
Suivi des lacs;Léman;SHL2;23/05/2011;5;5;;4.831
Suivi des lacs;Léman;SHL2;23/05/2011;7.5;7.5;;5.172
Suivi des lacs;Léman;SHL2;23/05/2011;10;10;;6.258
Suivi des lacs;Léman;SHL2;23/05/2011;15;15;;4.856
Suivi des lacs;Léman;SHL2;23/05/2011;20;20;;3.679
Suivi des lacs;Léman;SHL2;23/05/2011;30;30;;1.682
Suivi des lacs;Léman;SHL2;23/06/2011;0;0;;1.831111111
Suivi des lacs;Léman;SHL2;23/06/2011;1;1;;2.601111111
Suivi des lacs;Léman;SHL2;23/06/2011;2;2;;3.2575
Suivi des lacs;Léman;SHL2;23/06/2011;2.5;2.5;;4.23
Suivi des lacs;Léman;SHL2;23/06/2011;3.5;3.5;;3.905555556
Suivi des lacs;Léman;SHL2;23/06/2011;5;5;;3.427777778
Suivi des lacs;Léman;SHL2;23/06/2011;7.5;7.5;;4.105555556
Suivi des lacs;Léman;SHL2;23/06/2011;10;10;;4.82
Suivi des lacs;Léman;SHL2;23/06/2011;15;15;;5.835555556
Suivi des lacs;Léman;SHL2;23/06/2011;20;20;;2.882222222
Suivi des lacs;Léman;SHL2;23/06/2011;30;30;;1.175555556
Suivi des lacs;Léman;SHL2;23/07/2011;0;0;;3.502222222
Suivi des lacs;Léman;SHL2;23/07/2011;1;1;;4.07375
Suivi des lacs;Léman;SHL2;23/07/2011;2;2;;9.115
Suivi des lacs;Léman;SHL2;23/07/2011;2.5;2.5;;3.004
Suivi des lacs;Léman;SHL2;23/07/2011;3.5;3.5;;5.11
Suivi des lacs;Léman;SHL2;23/07/2011;5;5;;5.068888889
Suivi des lacs;Léman;SHL2;23/07/2011;7.5;7.5;;4.734444444
Suivi des lacs;Léman;SHL2;23/07/2011;10;10;;4.42
Suivi des lacs;Léman;SHL2;23/07/2011;15;15;;4.454444444
Suivi des lacs;Léman;SHL2;23/07/2011;20;20;;3.154444444
Suivi des lacs;Léman;SHL2;23/07/2011;30;30;;1.308888889
Suivi des lacs;Léman;SHL2;23/08/2011;0;0;;4.07
Suivi des lacs;Léman;SHL2;23/08/2011;1;1;;4.366
Suivi des lacs;Léman;SHL2;23/08/2011;2;2;;5.123333333
Suivi des lacs;Léman;SHL2;23/08/2011;2.5;2.5;;4.611428571
Suivi des lacs;Léman;SHL2;23/08/2011;3.5;3.5;;4.99
Suivi des lacs;Léman;SHL2;23/08/2011;5;5;;5.214
Suivi des lacs;Léman;SHL2;23/08/2011;7.5;7.5;;5.817
Suivi des lacs;Léman;SHL2;23/08/2011;10;10;;4.987
Suivi des lacs;Léman;SHL2;23/08/2011;15;15;;5.974
Suivi des lacs;Léman;SHL2;23/08/2011;20;20;;3.783
Suivi des lacs;Léman;SHL2;23/08/2011;30;30;;1.485
Suivi des lacs;Léman;SHL2;23/09/2011;0;0;;3.731111111
Suivi des lacs;Léman;SHL2;23/09/2011;1;1;;3.975555556
Suivi des lacs;Léman;SHL2;23/09/2011;2;2;;4.46
Suivi des lacs;Léman;SHL2;23/09/2011;2.5;2.5;;4.12
Suivi des lacs;Léman;SHL2;23/09/2011;3.5;3.5;;4.202222222
Suivi des lacs;Léman;SHL2;23/09/2011;5;5;;4.335555556
Suivi des lacs;Léman;SHL2;23/09/2011;7.5;7.5;;4.486666667
Suivi des lacs;Léman;SHL2;23/09/2011;10;10;;4.08
Suivi des lacs;Léman;SHL2;23/09/2011;15;15;;3.235555556
Suivi des lacs;Léman;SHL2;23/09/2011;20;20;;2.071111111
Suivi des lacs;Léman;SHL2;23/09/2011;30;30;;1.215555556
Suivi des lacs;Léman;SHL2;23/10/2011;0;0;;3.905
Suivi des lacs;Léman;SHL2;23/10/2011;1;1;;4.4275
Suivi des lacs;Léman;SHL2;23/10/2011;2;2;;7.583333333
Suivi des lacs;Léman;SHL2;23/10/2011;2.5;2.5;;3.558
Suivi des lacs;Léman;SHL2;23/10/2011;3.5;3.5;;5.43125
Suivi des lacs;Léman;SHL2;23/10/2011;5;5;;5.135
Suivi des lacs;Léman;SHL2;23/10/2011;7.5;7.5;;4.85875
Suivi des lacs;Léman;SHL2;23/10/2011;10;10;;4.71125
Suivi des lacs;Léman;SHL2;23/10/2011;15;15;;4.1475
Suivi des lacs;Léman;SHL2;23/10/2011;20;20;;3.055
Suivi des lacs;Léman;SHL2;23/10/2011;30;30;;1.1775
Suivi des lacs;Léman;SHL2;23/11/2011;0;0;;3.66625
Suivi des lacs;Léman;SHL2;23/11/2011;1;1;;3.755
Suivi des lacs;Léman;SHL2;23/11/2011;2;2;;3.975
Suivi des lacs;Léman;SHL2;23/11/2011;2.5;2.5;;4.0525
Suivi des lacs;Léman;SHL2;23/11/2011;3.5;3.5;;3.9425
Suivi des lacs;Léman;SHL2;23/11/2011;5;5;;3.98625
Suivi des lacs;Léman;SHL2;23/11/2011;7.5;7.5;;3.775
Suivi des lacs;Léman;SHL2;23/11/2011;10;10;;3.57125
Suivi des lacs;Léman;SHL2;23/11/2011;15;15;;2.77
Suivi des lacs;Léman;SHL2;23/11/2011;20;20;;2.205
Suivi des lacs;Léman;SHL2;23/11/2011;30;30;;1.23125
Suivi des lacs;Léman;SHL2;23/12/2011;0;0;;2.884
Suivi des lacs;Léman;SHL2;23/12/2011;1;1;;2.988
Suivi des lacs;Léman;SHL2;23/12/2011;2.5;2.5;;3.016
Suivi des lacs;Léman;SHL2;23/12/2011;3.5;3.5;;3.012
Suivi des lacs;Léman;SHL2;23/12/2011;5;5;;2.948
Suivi des lacs;Léman;SHL2;23/12/2011;7.5;7.5;;3.052
Suivi des lacs;Léman;SHL2;23/12/2011;10;10;;2.978
Suivi des lacs;Léman;SHL2;23/12/2011;15;15;;3.226
Suivi des lacs;Léman;SHL2;23/12/2011;20;20;;3.076
Suivi des lacs;Léman;SHL2;23/12/2011;30;30;;1.96
Suivi des lacs;Léman;SHL2;23/01/2016;0;0;;2.44
Suivi des lacs;Léman;SHL2;23/01/2016;1;1;;2.353333333
Suivi des lacs;Léman;SHL2;23/01/2016;2.5;2.5;;2.436666667
Suivi des lacs;Léman;SHL2;23/01/2016;3.5;3.5;;2.443333333
Suivi des lacs;Léman;SHL2;23/01/2016;5;5;;2.373333333
Suivi des lacs;Léman;SHL2;23/01/2016;7.5;7.5;;2.4
Suivi des lacs;Léman;SHL2;23/01/2016;10;10;;2.453333333
Suivi des lacs;Léman;SHL2;23/01/2016;15;15;;2.39
Suivi des lacs;Léman;SHL2;23/01/2016;20;20;;2.386666667
Suivi des lacs;Léman;SHL2;23/01/2016;30;30;;2.436666667
Suivi des lacs;Léman;SHL2;23/02/2016;0;0;;1.393333333
Suivi des lacs;Léman;SHL2;23/02/2016;1;1;;1.551666667
Suivi des lacs;Léman;SHL2;23/02/2016;2.5;2.5;;1.690666667
Suivi des lacs;Léman;SHL2;23/02/2016;3.5;3.5;;1.823666667
Suivi des lacs;Léman;SHL2;23/02/2016;5;5;;1.773666667
Suivi des lacs;Léman;SHL2;23/02/2016;7.5;7.5;;1.786666667
Suivi des lacs;Léman;SHL2;23/02/2016;10;10;;1.731
Suivi des lacs;Léman;SHL2;23/02/2016;15;15;;1.74
Suivi des lacs;Léman;SHL2;23/02/2016;20;20;;1.690666667
Suivi des lacs;Léman;SHL2;23/02/2016;30;30;;1.696
Suivi des lacs;Léman;SHL2;23/03/2016;0;0;;2.799666667
Suivi des lacs;Léman;SHL2;23/03/2016;1;1;;3.68075
Suivi des lacs;Léman;SHL2;23/03/2016;2.5;2.5;;4.26425
Suivi des lacs;Léman;SHL2;23/03/2016;3.5;3.5;;4.478
Suivi des lacs;Léman;SHL2;23/03/2016;5;5;;3.98975
Suivi des lacs;Léman;SHL2;23/03/2016;7.5;7.5;;3.762
Suivi des lacs;Léman;SHL2;23/03/2016;10;10;;3.576125
Suivi des lacs;Léman;SHL2;23/03/2016;15;15;;3.04575
Suivi des lacs;Léman;SHL2;23/03/2016;20;20;;2.526125
Suivi des lacs;Léman;SHL2;23/03/2016;30;30;;2.3275
Suivi des lacs;Léman;SHL2;23/04/2016;0;0;;2.354857143
Suivi des lacs;Léman;SHL2;23/04/2016;1;1;;4.188571429
Suivi des lacs;Léman;SHL2;23/04/2016;2.5;2.5;;4.411714286
Suivi des lacs;Léman;SHL2;23/04/2016;3.5;3.5;;4.67
Suivi des lacs;Léman;SHL2;23/04/2016;5;5;;4.003142857
Suivi des lacs;Léman;SHL2;23/04/2016;7.5;7.5;;4.388142857
Suivi des lacs;Léman;SHL2;23/04/2016;10;10;;4.572
Suivi des lacs;Léman;SHL2;23/04/2016;15;15;;4.252142857
Suivi des lacs;Léman;SHL2;23/04/2016;20;20;;3.570571429
Suivi des lacs;Léman;SHL2;23/04/2016;30;30;;2.232
Suivi des lacs;Léman;SHL2;23/05/2016;0;0;;3.894
Suivi des lacs;Léman;SHL2;23/05/2016;1;1;;5.446142857
Suivi des lacs;Léman;SHL2;23/05/2016;2.5;2.5;;6.066857143
Suivi des lacs;Léman;SHL2;23/05/2016;3.5;3.5;;6.483142857
Suivi des lacs;Léman;SHL2;23/05/2016;5;5;;5.568428571
Suivi des lacs;Léman;SHL2;23/05/2016;7.5;7.5;;5.861571429
Suivi des lacs;Léman;SHL2;23/05/2016;10;10;;5.215285714
Suivi des lacs;Léman;SHL2;23/05/2016;15;15;;4.582714286
Suivi des lacs;Léman;SHL2;23/05/2016;20;20;;4.699571429
Suivi des lacs;Léman;SHL2;23/05/2016;30;30;;2.778714286
Suivi des lacs;Léman;SHL2;23/06/2016;0;0;;1.655857143
Suivi des lacs;Léman;SHL2;23/06/2016;1;1;;2.348
Suivi des lacs;Léman;SHL2;23/06/2016;2.5;2.5;;2.725142857
Suivi des lacs;Léman;SHL2;23/06/2016;3.5;3.5;;3.484857143
Suivi des lacs;Léman;SHL2;23/06/2016;5;5;;3.385571429
Suivi des lacs;Léman;SHL2;23/06/2016;7.5;7.5;;4.348285714
Suivi des lacs;Léman;SHL2;23/06/2016;10;10;;6.340285714
Suivi des lacs;Léman;SHL2;23/06/2016;15;15;;6.734857143
Suivi des lacs;Léman;SHL2;23/06/2016;20;20;;5.946571429
Suivi des lacs;Léman;SHL2;23/06/2016;30;30;;2.779285714
Suivi des lacs;Léman;SHL2;23/07/2016;0;0;;1.711777778
Suivi des lacs;Léman;SHL2;23/07/2016;1;1;;2.507222222
Suivi des lacs;Léman;SHL2;23/07/2016;2.5;2.5;;3.300111111
Suivi des lacs;Léman;SHL2;23/07/2016;3.5;3.5;;3.153111111
Suivi des lacs;Léman;SHL2;23/07/2016;5;5;;3.546777778
Suivi des lacs;Léman;SHL2;23/07/2016;7.5;7.5;;4.380333333
Suivi des lacs;Léman;SHL2;23/07/2016;10;10;;4.389555556
Suivi des lacs;Léman;SHL2;23/07/2016;15;15;;4.192333333
Suivi des lacs;Léman;SHL2;23/07/2016;20;20;;3.610444444
Suivi des lacs;Léman;SHL2;23/07/2016;30;30;;1.787777778
Suivi des lacs;Léman;SHL2;23/08/2016;0;0;;2.286
Suivi des lacs;Léman;SHL2;23/08/2016;1;1;;2.7985
Suivi des lacs;Léman;SHL2;23/08/2016;2.5;2.5;;3.326666667
Suivi des lacs;Léman;SHL2;23/08/2016;3.5;3.5;;3.611166667
Suivi des lacs;Léman;SHL2;23/08/2016;5;5;;3.893833333
Suivi des lacs;Léman;SHL2;23/08/2016;7.5;7.5;;4.949
Suivi des lacs;Léman;SHL2;23/08/2016;10;10;;6.498
Suivi des lacs;Léman;SHL2;23/08/2016;15;15;;6.9265
Suivi des lacs;Léman;SHL2;23/08/2016;20;20;;3.989166667
Suivi des lacs;Léman;SHL2;23/08/2016;30;30;;1.670333333
Suivi des lacs;Léman;SHL2;23/09/2016;0;0;;2.546666667
Suivi des lacs;Léman;SHL2;23/09/2016;1;1;;2.958
Suivi des lacs;Léman;SHL2;23/09/2016;2.5;2.5;;4.131555556
Suivi des lacs;Léman;SHL2;23/09/2016;3.5;3.5;;3.823444444
Suivi des lacs;Léman;SHL2;23/09/2016;5;5;;3.914777778
Suivi des lacs;Léman;SHL2;23/09/2016;7.5;7.5;;4.174666667
Suivi des lacs;Léman;SHL2;23/09/2016;10;10;;3.810444444
Suivi des lacs;Léman;SHL2;23/09/2016;15;15;;2.992777778
Suivi des lacs;Léman;SHL2;23/09/2016;20;20;;2.96
Suivi des lacs;Léman;SHL2;23/09/2016;30;30;;1.312222222
Suivi des lacs;Léman;SHL2;23/10/2016;0;0;;2.967125
Suivi des lacs;Léman;SHL2;23/10/2016;1;1;;3.555666667
Suivi des lacs;Léman;SHL2;23/10/2016;2.5;2.5;;3.638
Suivi des lacs;Léman;SHL2;23/10/2016;3.5;3.5;;3.620333333
Suivi des lacs;Léman;SHL2;23/10/2016;5;5;;3.544285714
Suivi des lacs;Léman;SHL2;23/10/2016;7.5;7.5;;3.261857143
Suivi des lacs;Léman;SHL2;23/10/2016;10;10;;3.114142857
Suivi des lacs;Léman;SHL2;23/10/2016;15;15;;2.198571429
Suivi des lacs;Léman;SHL2;23/10/2016;20;20;;2.408714286
Suivi des lacs;Léman;SHL2;23/10/2016;30;30;;0.968714286
Suivi des lacs;Léman;SHL2;23/11/2016;0;0;;3.521666667
Suivi des lacs;Léman;SHL2;23/11/2016;1;1;;3.939666667
Suivi des lacs;Léman;SHL2;23/11/2016;2.5;2.5;;4.006166667
Suivi des lacs;Léman;SHL2;23/11/2016;3.5;3.5;;4.491
Suivi des lacs;Léman;SHL2;23/11/2016;5;5;;4.376166667
Suivi des lacs;Léman;SHL2;23/11/2016;7.5;7.5;;4.267
Suivi des lacs;Léman;SHL2;23/11/2016;10;10;;4.279
Suivi des lacs;Léman;SHL2;23/11/2016;15;15;;3.757166667
Suivi des lacs;Léman;SHL2;23/11/2016;20;20;;3.152166667
Suivi des lacs;Léman;SHL2;23/11/2016;30;30;;2.5755
Suivi des lacs;Léman;SHL2;23/12/2016;0;0;;3.75575
Suivi des lacs;Léman;SHL2;23/12/2016;1;1;;4.9995
Suivi des lacs;Léman;SHL2;23/12/2016;2.5;2.5;;4.0285
Suivi des lacs;Léman;SHL2;23/12/2016;3.5;3.5;;5.316
Suivi des lacs;Léman;SHL2;23/12/2016;5;5;;4.16675
Suivi des lacs;Léman;SHL2;23/12/2016;7.5;7.5;;4.069
Suivi des lacs;Léman;SHL2;23/12/2016;10;10;;3.97175
Suivi des lacs;Léman;SHL2;23/12/2016;15;15;;3.96375
Suivi des lacs;Léman;SHL2;23/12/2016;20;20;;3.8555
Suivi des lacs;Léman;SHL2;23/12/2016;30;30;;2.421
