"";"nom.du.projet";"nom.du.site";"nom.de.la.plateforme";"date.prélèvement";"profondeur.min.réelle.observée..m.";"profondeur.max.réelle.observée..m.";"chlorophylle.a.scor.unesco..µg.l.";"chlorophylle.a.strickland.parsons..µg.l.";"chlorophylle.c..µg.l.";"pheopigments..µg.l."
"1";"Suivi des lacs";"Léman";"SHL2";"17/10/2016";0;17.5;2.16;2.18;0.84;0.13
"2";"Suivi des lacs";"Léman";"SHL2";"17/10/2016";1;1;3.02;3.05;1.09;0
"3";"Suivi des lacs";"Léman";"SHL2";"17/10/2016";2.5;2.5;3.03;3.06;1.11;0
"4";"Suivi des lacs";"Léman";"SHL2";"17/10/2016";3.5;3.5;2.91;2.94;1.04;0
"5";"Suivi des lacs";"Léman";"SHL2";"17/10/2016";5;5;2.88;2.91;1.08;0
"6";"Suivi des lacs";"Léman";"SHL2";"17/10/2016";7.5;7.5;1.95;1.97;0.71;0.09
"7";"Suivi des lacs";"Léman";"SHL2";"17/10/2016";10;10;1.66;1.68;0.68;0.11
"8";"Suivi des lacs";"Léman";"SHL2";"17/10/2016";15;15;1.25;1.26;0.54;0.1
"9";"Suivi des lacs";"Léman";"SHL2";"17/10/2016";20;20;0.63;0.63;0.31;0.09
"10";"Suivi des lacs";"Léman";"SHL2";"17/10/2016";30;30;0.48;0.48;0.19;0.1
"11";"Suivi des lacs";"Léman";"SHL2";"15/11/2016";0;0;2.9;2.92;0.91;0.08
"12";"Suivi des lacs";"Léman";"SHL2";"15/11/2016";1;1;2.72;2.74;0.92;0.07
"13";"Suivi des lacs";"Léman";"SHL2";"15/11/2016";2.5;2.5;3.02;3.05;1.04;0.06
"14";"Suivi des lacs";"Léman";"SHL2";"15/11/2016";3.5;3.5;3.14;3.17;1.07;0.04
"15";"Suivi des lacs";"Léman";"SHL2";"15/11/2016";5;5;3.2;3.22;1.1;0.06
"16";"Suivi des lacs";"Léman";"SHL2";"15/11/2016";7.5;7.5;2.99;3.02;0.97;0.06
"17";"Suivi des lacs";"Léman";"SHL2";"15/11/2016";10;10;3.16;3.18;1.06;0.06
"18";"Suivi des lacs";"Léman";"SHL2";"15/11/2016";15;15;3.15;3.18;1.05;0.08
"19";"Suivi des lacs";"Léman";"SHL2";"15/11/2016";20;20;3.18;3.2;1.09;0.06
"20";"Suivi des lacs";"Léman";"SHL2";"15/11/2016";30;30;1.82;1.84;0.5;0.13
"21";"Suivi des lacs";"Léman";"SHL2";"30/11/2016";0;0;2;2.02;0.63;0.01
"22";"Suivi des lacs";"Léman";"SHL2";"30/11/2016";1;1;2.05;2.07;0.66;0.02
"23";"Suivi des lacs";"Léman";"SHL2";"30/11/2016";2.5;2.5;2.11;2.12;0.74;0.02
"24";"Suivi des lacs";"Léman";"SHL2";"30/11/2016";3.5;3.5;2.23;2.25;0.72;0.01
"25";"Suivi des lacs";"Léman";"SHL2";"30/11/2016";5;5;2.14;2.15;0.69;0.01
"26";"Suivi des lacs";"Léman";"SHL2";"30/11/2016";7.5;7.5;2.04;2.06;0.71;0.01
"27";"Suivi des lacs";"Léman";"SHL2";"30/11/2016";10;10;1.99;2;0.62;0.01
"28";"Suivi des lacs";"Léman";"SHL2";"30/11/2016";15;15;2.04;2.06;0.61;0.02
"29";"Suivi des lacs";"Léman";"SHL2";"30/11/2016";20;20;2.01;2.03;0.67;0.03
"30";"Suivi des lacs";"Léman";"SHL2";"30/11/2016";30;30;0.38;0.39;0.08;0.09
"31";"Suivi des lacs";"Léman";"SHL2";"15/12/2016";0;0;3.02;3.05;1.14;0
"32";"Suivi des lacs";"Léman";"SHL2";"15/12/2016";1;1;3.17;3.2;1.17;0
"33";"Suivi des lacs";"Léman";"SHL2";"15/12/2016";2.5;2.5;3.21;3.24;1.16;0
"34";"Suivi des lacs";"Léman";"SHL2";"15/12/2016";3.5;3.5;3.25;3.28;1.15;0
"35";"Suivi des lacs";"Léman";"SHL2";"15/12/2016";5;5;3.19;3.22;1.11;0
"36";"Suivi des lacs";"Léman";"SHL2";"15/12/2016";7.5;7.5;3.08;3.1;1.12;0
"37";"Suivi des lacs";"Léman";"SHL2";"15/12/2016";10;10;3.02;3.05;1.06;0
"38";"Suivi des lacs";"Léman";"SHL2";"15/12/2016";15;15;3.05;3.08;0.91;0
"39";"Suivi des lacs";"Léman";"SHL2";"15/12/2016";20;20;2.97;3;1.13;0
"40";"Suivi des lacs";"Léman";"SHL2";"15/12/2016";30;30;0.44;0.45;0.15;0.07
"41";"Suivi des lacs";"Léman";"SHL2";"30/01/2017";0;0;1.27;1.28;0.49;0.11
"42";"Suivi des lacs";"Léman";"SHL2";"30/01/2017";1;1;1.33;1.34;0.5;0.11
"43";"Suivi des lacs";"Léman";"SHL2";"30/01/2017";2.5;2.5;1.34;1.35;0.47;0.12
"44";"Suivi des lacs";"Léman";"SHL2";"30/01/2017";3.5;3.5;1.35;1.37;0.5;0.12
"45";"Suivi des lacs";"Léman";"SHL2";"30/01/2017";5;5;1.31;1.32;0.47;0.1
"46";"Suivi des lacs";"Léman";"SHL2";"30/01/2017";7.5;7.5;1.36;1.37;0.46;0.11
"47";"Suivi des lacs";"Léman";"SHL2";"30/01/2017";10;10;1.41;1.42;0.49;0.12
"48";"Suivi des lacs";"Léman";"SHL2";"30/01/2017";15;15;1.36;1.37;0.54;0.12
"49";"Suivi des lacs";"Léman";"SHL2";"30/01/2017";20;20;1.3;1.32;0.46;0.11
"50";"Suivi des lacs";"Léman";"SHL2";"30/01/2017";30;30;1.34;1.36;0.45;0.11
"51";"Suivi des lacs";"Léman";"SHL2";"15/02/2017";0;0;1.09;1.1;0.42;0.06
"52";"Suivi des lacs";"Léman";"SHL2";"15/02/2017";1;1;1.2;1.21;0.43;0.05
"53";"Suivi des lacs";"Léman";"SHL2";"15/02/2017";2.5;2.5;1.33;1.34;0.51;0.07
"54";"Suivi des lacs";"Léman";"SHL2";"15/02/2017";3.5;3.5;1.34;1.35;0.47;0.07
"55";"Suivi des lacs";"Léman";"SHL2";"15/02/2017";5;5;1.26;1.27;0.44;0.08
"56";"Suivi des lacs";"Léman";"SHL2";"15/02/2017";7.5;7.5;1.29;1.3;0.51;0.07
"57";"Suivi des lacs";"Léman";"SHL2";"15/02/2017";10;10;1.3;1.31;0.47;0.07
"58";"Suivi des lacs";"Léman";"SHL2";"15/02/2017";15;15;1.21;1.22;0.41;0.08
"59";"Suivi des lacs";"Léman";"SHL2";"15/02/2017";20;20;1.21;1.22;0.44;0.08
"60";"Suivi des lacs";"Léman";"SHL2";"15/02/2017";30;30;1.13;1.14;0.41;0.08
"61";"Suivi des lacs";"Léman";"SHL2";"08/03/2017";0;0;1.13;1.14;0.48;0.07
"62";"Suivi des lacs";"Léman";"SHL2";"08/03/2017";1;1;1.45;1.46;0.54;0.04
"63";"Suivi des lacs";"Léman";"SHL2";"08/03/2017";2.5;2.5;1.74;1.76;0.89;0.03
"64";"Suivi des lacs";"Léman";"SHL2";"08/03/2017";3.5;3.5;1.69;1.71;0.81;0.04
"65";"Suivi des lacs";"Léman";"SHL2";"08/03/2017";5;5;1.73;1.74;0.73;0.1
"66";"Suivi des lacs";"Léman";"SHL2";"08/03/2017";7.5;7.5;1.72;1.73;0.69;0.05
"67";"Suivi des lacs";"Léman";"SHL2";"08/03/2017";10;10;1.64;1.66;0.69;0.06
"68";"Suivi des lacs";"Léman";"SHL2";"08/03/2017";15;15;1.62;1.64;0.69;0.08
"69";"Suivi des lacs";"Léman";"SHL2";"08/03/2017";20;20;1.65;1.66;0.67;0.06
"70";"Suivi des lacs";"Léman";"SHL2";"08/03/2017";30;30;1.6;1.62;0.71;0.06
"71";"Suivi des lacs";"Léman";"SHL2";"20/03/2017";0;0;3.71;3.74;1.88;0
"72";"Suivi des lacs";"Léman";"SHL2";"20/03/2017";1;1;11.61;11.72;6.73;0
"73";"Suivi des lacs";"Léman";"SHL2";"20/03/2017";2.5;2.5;15;15.14;8.15;0
"74";"Suivi des lacs";"Léman";"SHL2";"20/03/2017";3.5;3.5;15.83;15.98;8.65;0
"75";"Suivi des lacs";"Léman";"SHL2";"20/03/2017";5;5;12.46;12.58;6.91;0
"76";"Suivi des lacs";"Léman";"SHL2";"20/03/2017";7.5;7.5;10.4;10.51;5.1;0
"77";"Suivi des lacs";"Léman";"SHL2";"20/03/2017";10;10;9.28;9.37;4.66;0
"78";"Suivi des lacs";"Léman";"SHL2";"20/03/2017";15;15;5.45;5.51;2.54;0.01
"79";"Suivi des lacs";"Léman";"SHL2";"20/03/2017";20;20;2.9;2.93;0.94;0.1
"80";"Suivi des lacs";"Léman";"SHL2";"20/03/2017";30;30;1.31;1.33;0.49;0.13
"81";"Suivi des lacs";"Léman";"SHL2";"10/04/2017";0;0;0.91;0.92;0.63;0.08
"82";"Suivi des lacs";"Léman";"SHL2";"10/04/2017";1;1;1.35;1.37;0.77;0.05
"83";"Suivi des lacs";"Léman";"SHL2";"10/04/2017";2.5;2.5;2.63;2.65;1.39;0
"84";"Suivi des lacs";"Léman";"SHL2";"10/04/2017";3.5;3.5;3.06;3.09;1.69;0.09
"85";"Suivi des lacs";"Léman";"SHL2";"10/04/2017";5;5;3.34;3.38;2.04;0.14
"86";"Suivi des lacs";"Léman";"SHL2";"10/04/2017";7.5;7.5;3.4;3.44;2.14;0.23
"87";"Suivi des lacs";"Léman";"SHL2";"10/04/2017";10;10;3.46;3.5;2.06;0.16
"88";"Suivi des lacs";"Léman";"SHL2";"10/04/2017";15;15;3.79;3.83;2.29;0.13
"89";"Suivi des lacs";"Léman";"SHL2";"10/04/2017";20;20;2.78;2.81;1.36;0.28
"90";"Suivi des lacs";"Léman";"SHL2";"10/04/2017";30;30;2.37;2.39;1.02;0.26
"91";"Suivi des lacs";"Léman";"SHL2";"02/05/2017";0;0;4.65;4.7;1.99;0
"92";"Suivi des lacs";"Léman";"SHL2";"02/05/2017";1;1;4.75;4.79;2;0
"93";"Suivi des lacs";"Léman";"SHL2";"02/05/2017";2.5;2.5;4.76;4.81;1.97;0
"94";"Suivi des lacs";"Léman";"SHL2";"02/05/2017";3.5;3.5;4.94;4.99;2.07;0
"95";"Suivi des lacs";"Léman";"SHL2";"02/05/2017";5;5;5.04;5.09;2.11;0
"96";"Suivi des lacs";"Léman";"SHL2";"02/05/2017";7.5;7.5;4.8;4.85;1.98;0
"97";"Suivi des lacs";"Léman";"SHL2";"02/05/2017";10;10;4.86;4.9;2.01;0
"98";"Suivi des lacs";"Léman";"SHL2";"02/05/2017";15;15;4.4;4.44;1.94;0.09
"99";"Suivi des lacs";"Léman";"SHL2";"02/05/2017";20;20;3.72;3.75;1.69;0.16
"100";"Suivi des lacs";"Léman";"SHL2";"02/05/2017";30;30;1.48;1.5;0.68;0.23
"101";"Suivi des lacs";"Léman";"SHL2";"15/05/2017";0;0;2.28;2.31;1.57;0.19
"102";"Suivi des lacs";"Léman";"SHL2";"15/05/2017";1;1;3.38;3.42;1.92;0.12
"103";"Suivi des lacs";"Léman";"SHL2";"15/05/2017";2.5;2.5;6.57;6.63;3.46;0
"104";"Suivi des lacs";"Léman";"SHL2";"15/05/2017";3.5;3.5;7.65;7.73;4.22;0.22
"105";"Suivi des lacs";"Léman";"SHL2";"15/05/2017";5;5;3.34;3.38;2.04;0.14
"106";"Suivi des lacs";"Léman";"SHL2";"15/05/2017";7.5;7.5;3.4;3.44;2.14;0.23
"107";"Suivi des lacs";"Léman";"SHL2";"15/05/2017";10;10;3.46;3.5;2.06;0.16
"108";"Suivi des lacs";"Léman";"SHL2";"15/05/2017";15;15;3.79;3.83;2.29;0.13
"109";"Suivi des lacs";"Léman";"SHL2";"15/05/2017";20;20;6.95;7.04;3.4;0.7
"110";"Suivi des lacs";"Léman";"SHL2";"15/05/2017";30;30;5.92;5.98;2.55;0.65
"111";"Suivi des lacs";"Léman";"SHL2";"01/06/2017";0;0;1.29;1.3;0.46;0
"112";"Suivi des lacs";"Léman";"SHL2";"01/06/2017";1;1;1.67;1.68;0.61;0
"113";"Suivi des lacs";"Léman";"SHL2";"01/06/2017";2.5;2.5;1.9;1.92;0.67;0
"114";"Suivi des lacs";"Léman";"SHL2";"01/06/2017";3.5;3.5;1.94;1.96;0.7;0
"115";"Suivi des lacs";"Léman";"SHL2";"01/06/2017";5;5;1.89;1.91;0.74;0
"116";"Suivi des lacs";"Léman";"SHL2";"01/06/2017";7.5;7.5;2.84;2.87;0.98;0
"117";"Suivi des lacs";"Léman";"SHL2";"01/06/2017";10;10;4.59;4.64;1.5;0
"118";"Suivi des lacs";"Léman";"SHL2";"01/06/2017";15;15;6.35;6.41;2.79;0.15
"119";"Suivi des lacs";"Léman";"SHL2";"01/06/2017";20;20;4.61;4.66;1.85;0.38
"120";"Suivi des lacs";"Léman";"SHL2";"01/06/2017";30;30;2.16;2.19;0.96;0.31
"121";"Suivi des lacs";"Léman";"SHL2";"20/06/2017";0;0;0.71;0.72;0.26;0
"122";"Suivi des lacs";"Léman";"SHL2";"20/06/2017";1;1;1.23;1.25;0.41;0
"123";"Suivi des lacs";"Léman";"SHL2";"20/06/2017";2.5;2.5;1.33;1.34;0.48;0
"124";"Suivi des lacs";"Léman";"SHL2";"20/06/2017";3.5;3.5;1.61;1.62;0.55;0
"125";"Suivi des lacs";"Léman";"SHL2";"20/06/2017";5;5;1.7;1.71;0.66;0
"126";"Suivi des lacs";"Léman";"SHL2";"20/06/2017";7.5;7.5;1.69;1.7;0.62;0
"127";"Suivi des lacs";"Léman";"SHL2";"20/06/2017";10;10;1.94;1.96;0.62;0
"128";"Suivi des lacs";"Léman";"SHL2";"20/06/2017";15;15;3.46;3.5;1.06;0.01
"129";"Suivi des lacs";"Léman";"SHL2";"20/06/2017";20;20;5.9;5.97;2.51;0.39
"130";"Suivi des lacs";"Léman";"SHL2";"20/06/2017";30;30;3.07;3.1;1.47;0.52
"131";"Suivi des lacs";"Léman";"SHL2";"04/07/2017";0;0;1.03;1.04;0.43;0
"132";"Suivi des lacs";"Léman";"SHL2";"04/07/2017";1;1;1.51;1.52;0.49;0
"133";"Suivi des lacs";"Léman";"SHL2";"04/07/2017";2.5;2.5;1.64;1.65;0.58;0
"134";"Suivi des lacs";"Léman";"SHL2";"04/07/2017";3.5;3.5;2.17;2.19;0.83;0
"135";"Suivi des lacs";"Léman";"SHL2";"04/07/2017";5;5;2.11;2.13;0.79;0.01
"136";"Suivi des lacs";"Léman";"SHL2";"04/07/2017";7.5;7.5;2.19;2.21;0.79;0
"137";"Suivi des lacs";"Léman";"SHL2";"04/07/2017";10;10;2.1;2.12;0.71;0.07
"138";"Suivi des lacs";"Léman";"SHL2";"04/07/2017";15;15;2.73;2.76;0.84;0.05
"139";"Suivi des lacs";"Léman";"SHL2";"04/07/2017";20;20;3.54;3.59;1.2;0.03
"140";"Suivi des lacs";"Léman";"SHL2";"04/07/2017";30;30;1.96;1.98;0.66;0.15
"141";"Suivi des lacs";"Léman";"SHL2";"18/07/2017";0;0;0.71;0.72;0.26;0
"142";"Suivi des lacs";"Léman";"SHL2";"18/07/2017";1;1;1.23;1.25;0.41;0
"143";"Suivi des lacs";"Léman";"SHL2";"18/07/2017";2.5;2.5;1.33;1.34;0.48;0
"144";"Suivi des lacs";"Léman";"SHL2";"18/07/2017";3.5;3.5;1.61;1.62;0.55;0
"145";"Suivi des lacs";"Léman";"SHL2";"18/07/2017";5;5;1.7;1.71;0.66;0
"146";"Suivi des lacs";"Léman";"SHL2";"18/07/2017";7.5;7.5;1.69;1.7;0.62;0
"147";"Suivi des lacs";"Léman";"SHL2";"18/07/2017";10;10;1.94;1.96;0.62;0
"148";"Suivi des lacs";"Léman";"SHL2";"18/07/2017";15;15;3.46;3.5;1.06;0.01
"149";"Suivi des lacs";"Léman";"SHL2";"18/07/2017";20;20;5.9;5.97;2.51;0.39
"150";"Suivi des lacs";"Léman";"SHL2";"18/07/2017";30;30;3.07;3.1;1.47;0.52
"151";"Suivi des lacs";"Léman";"SHL2";"09/08/2017";0;0;2.44;2.46;0.72;0
"152";"Suivi des lacs";"Léman";"SHL2";"09/08/2017";1;1;3.29;3.32;1;0
"153";"Suivi des lacs";"Léman";"SHL2";"09/08/2017";2.5;2.5;4.26;4.3;1.35;0
"154";"Suivi des lacs";"Léman";"SHL2";"09/08/2017";3.5;3.5;4.53;4.57;1.5;0
"155";"Suivi des lacs";"Léman";"SHL2";"09/08/2017";5;5;5.01;5.06;1.75;0
"156";"Suivi des lacs";"Léman";"SHL2";"09/08/2017";7.5;7.5;5.25;5.3;1.74;0.01
"157";"Suivi des lacs";"Léman";"SHL2";"09/08/2017";10;10;4.34;4.38;1.26;0.03
"158";"Suivi des lacs";"Léman";"SHL2";"09/08/2017";15;15;3.26;3.3;0.87;0.26
"159";"Suivi des lacs";"Léman";"SHL2";"09/08/2017";20;20;2.62;2.65;0.72;0.33
"160";"Suivi des lacs";"Léman";"SHL2";"09/08/2017";30;30;2.24;2.27;0.59;0.28
"161";"Suivi des lacs";"Léman";"SHL2";"22/08/2017";0;0;2.56;2.59;0.8;0
"162";"Suivi des lacs";"Léman";"SHL2";"22/08/2017";1;1;3.18;3.21;1.1;0
"163";"Suivi des lacs";"Léman";"SHL2";"22/08/2017";2.5;2.5;3.29;3.32;1.14;0
"164";"Suivi des lacs";"Léman";"SHL2";"22/08/2017";3.5;3.5;3.53;3.56;1.21;0.01
"165";"Suivi des lacs";"Léman";"SHL2";"22/08/2017";5;5;3.78;3.82;1.4;0.04
"166";"Suivi des lacs";"Léman";"SHL2";"22/08/2017";7.5;7.5;3.97;4.01;1.39;0.09
"167";"Suivi des lacs";"Léman";"SHL2";"22/08/2017";10;10;5.47;5.52;1.55;0.38
"168";"Suivi des lacs";"Léman";"SHL2";"22/08/2017";15;15;3.57;3.61;1.4;0.41
"169";"Suivi des lacs";"Léman";"SHL2";"22/08/2017";20;20;2.26;2.28;0.76;0.29
"170";"Suivi des lacs";"Léman";"SHL2";"22/08/2017";30;30;1.55;1.57;0.5;0.26
"171";"Suivi des lacs";"Léman";"SHL2";"04/09/2017";0;0;0.72;0.73;0.22;0.16
"172";"Suivi des lacs";"Léman";"SHL2";"04/09/2017";1;1;2.09;2.11;1.1;0.34
"173";"Suivi des lacs";"Léman";"SHL2";"04/09/2017";2.5;2.5;9.4;9.49;1.97;0.2
"174";"Suivi des lacs";"Léman";"SHL2";"04/09/2017";3.5;3.5;4.69;4.74;1.78;0.37
"175";"Suivi des lacs";"Léman";"SHL2";"04/09/2017";5;5;2.55;2.58;1.01;0.07
"176";"Suivi des lacs";"Léman";"SHL2";"04/09/2017";7.5;7.5;2.67;2.69;1.27;0.05
"177";"Suivi des lacs";"Léman";"SHL2";"04/09/2017";10;10;2.8;2.83;1.13;0.04
"178";"Suivi des lacs";"Léman";"SHL2";"04/09/2017";15;15;2.76;2.79;1.12;0.04
"179";"Suivi des lacs";"Léman";"SHL2";"04/09/2017";20;20;2.66;2.68;1.05;0.03
"180";"Suivi des lacs";"Léman";"SHL2";"04/09/2017";30;30;2.58;2.61;0.98;0.05
"181";"Suivi des lacs";"Léman";"SHL2";"25/09/2017";0;0;2.5;2.52;0.77;0
"182";"Suivi des lacs";"Léman";"SHL2";"25/09/2017";1;1;3.05;3.08;1.04;0
"183";"Suivi des lacs";"Léman";"SHL2";"25/09/2017";2.5;2.5;3.34;3.37;1.21;0
"184";"Suivi des lacs";"Léman";"SHL2";"25/09/2017";3.5;3.5;3.23;3.26;1.13;0.01
"185";"Suivi des lacs";"Léman";"SHL2";"25/09/2017";5;5;3.28;3.31;1.08;0.07
"186";"Suivi des lacs";"Léman";"SHL2";"25/09/2017";7.5;7.5;3.59;3.62;1.16;0.05
"187";"Suivi des lacs";"Léman";"SHL2";"25/09/2017";10;10;3.51;3.55;1.23;0.07
"188";"Suivi des lacs";"Léman";"SHL2";"25/09/2017";15;15;3.78;3.82;1.14;0.09
"189";"Suivi des lacs";"Léman";"SHL2";"25/09/2017";20;20;5.14;5.19;1.27;0.13
"190";"Suivi des lacs";"Léman";"SHL2";"25/09/2017";30;30;1.35;1.36;0.4;0.18
"191";"Suivi des lacs";"Léman";"SHL2";"09/10/2017";0;0;2.42;2.44;0.82;0.06
"192";"Suivi des lacs";"Léman";"SHL2";"09/10/2017";1;1;2.71;2.73;0.85;0.07
"193";"Suivi des lacs";"Léman";"SHL2";"09/10/2017";2.5;2.5;2.9;2.93;1;0.08
"194";"Suivi des lacs";"Léman";"SHL2";"09/10/2017";3.5;3.5;3;3.03;1.03;0.07
"195";"Suivi des lacs";"Léman";"SHL2";"09/10/2017";5;5;2.78;2.8;0.97;0.11
"196";"Suivi des lacs";"Léman";"SHL2";"09/10/2017";7.5;7.5;2.88;2.91;0.97;0.08
"197";"Suivi des lacs";"Léman";"SHL2";"09/10/2017";10;10;2.99;3.02;1.02;0.06
"198";"Suivi des lacs";"Léman";"SHL2";"09/10/2017";15;15;3;3.02;1.13;0.08
"199";"Suivi des lacs";"Léman";"SHL2";"09/10/2017";20;20;4.84;4.89;1.31;0.53
"200";"Suivi des lacs";"Léman";"SHL2";"09/10/2017";30;30;1.45;1.47;0.67;0.19
"201";"Suivi des lacs";"Léman";"SHL2";"24/10/2017";0;0;2.5;2.53;0.93;0.08
"202";"Suivi des lacs";"Léman";"SHL2";"24/10/2017";1;1;2.72;2.75;0.89;0.08
"203";"Suivi des lacs";"Léman";"SHL2";"24/10/2017";2.5;2.5;2.66;2.68;1.02;0.08
"204";"Suivi des lacs";"Léman";"SHL2";"24/10/2017";3.5;3.5;2.66;2.69;1.02;0.09
"205";"Suivi des lacs";"Léman";"SHL2";"24/10/2017";5;5;2.71;2.74;1.01;0.07
"206";"Suivi des lacs";"Léman";"SHL2";"24/10/2017";7.5;7.5;2.55;2.58;1.01;0.09
"207";"Suivi des lacs";"Léman";"SHL2";"24/10/2017";10;10;2.59;2.62;0.88;0.1
"208";"Suivi des lacs";"Léman";"SHL2";"24/10/2017";15;15;0.8;0.81;0.29;0.02
"209";"Suivi des lacs";"Léman";"SHL2";"24/10/2017";20;20;2.92;2.95;1.03;0.12
"210";"Suivi des lacs";"Léman";"SHL2";"24/10/2017";30;30;1.16;1.18;0.37;0.22
"211";"Suivi des lacs";"Léman";"SHL2";"21/11/2017";0;0;4.85;4.9;1.79;0.01
"212";"Suivi des lacs";"Léman";"SHL2";"21/11/2017";1;1;5.85;5.9;2.09;0.01
"213";"Suivi des lacs";"Léman";"SHL2";"21/11/2017";2.5;2.5;5.42;5.47;1.91;0.05
"214";"Suivi des lacs";"Léman";"SHL2";"21/11/2017";3.5;3.5;6.05;6.11;2.12;0
"215";"Suivi des lacs";"Léman";"SHL2";"21/11/2017";5;5;5.63;5.68;2;0.01
"216";"Suivi des lacs";"Léman";"SHL2";"21/11/2017";7.5;7.5;5.9;5.95;2.14;0
"217";"Suivi des lacs";"Léman";"SHL2";"21/11/2017";10;10;5.92;5.97;2.11;0
"218";"Suivi des lacs";"Léman";"SHL2";"21/11/2017";15;15;5.96;6.01;2.04;0.01
"219";"Suivi des lacs";"Léman";"SHL2";"21/11/2017";20;20;4.54;4.58;1.6;0.11
"220";"Suivi des lacs";"Léman";"SHL2";"21/11/2017";30;30;5.51;5.56;1.85;0.04
"221";"Suivi des lacs";"Léman";"SHL2";"21/12/2017";0;0;2.42;2.45;0.67;0.26
"222";"";"";"";"21/12/2017";1;1;NA;NA;NA;NA
"223";"Suivi des lacs";"Léman";"SHL2";"21/12/2017";2.5;2.5;2.87;2.9;0.79;0.28
"224";"";"";"";"21/12/2017";3.5;3.5;NA;NA;NA;NA
"225";"Suivi des lacs";"Léman";"SHL2";"21/12/2017";5;5;2.72;2.75;0.75;0.29
"226";"Suivi des lacs";"Léman";"SHL2";"21/12/2017";7.5;7.5;2.75;2.78;0.78;0.33
"227";"Suivi des lacs";"Léman";"SHL2";"21/12/2017";10;10;2.83;2.86;0.81;0.33
"228";"Suivi des lacs";"Léman";"SHL2";"21/12/2017";15;15;2.85;2.88;0.81;0.33
"229";"Suivi des lacs";"Léman";"SHL2";"21/12/2017";20;20;2.81;2.84;0.79;0.33
"230";"Suivi des lacs";"Léman";"SHL2";"21/12/2017";30;30;2.72;2.74;0.72;0.29
"231";"Suivi des lacs";"Léman";"SHL2";"23/01/2018";0;0;1.9;1.92;0.567;0.085
"232";"Suivi des lacs";"Léman";"SHL2";"23/01/2018";1;1;1.88;1.9;0.543;0.094
"233";"Suivi des lacs";"Léman";"SHL2";"23/01/2018";2.5;2.5;1.87;1.89;0.565;0.084
"234";"Suivi des lacs";"Léman";"SHL2";"23/01/2018";3.5;3.5;1.88;1.9;0.663;0.097
"235";"Suivi des lacs";"Léman";"SHL2";"23/01/2018";5;5;1.75;1.77;0.575;0.053
"236";"Suivi des lacs";"Léman";"SHL2";"23/01/2018";7.5;7.5;1.81;1.83;0.236;0
"237";"Suivi des lacs";"Léman";"SHL2";"23/01/2018";10;10;1.9;1.92;0.633;0.103
"238";"Suivi des lacs";"Léman";"SHL2";"23/01/2018";15;15;1.86;1.87;0.602;0.089
"239";"Suivi des lacs";"Léman";"SHL2";"23/01/2018";20;20;1.88;1.9;0.55;0.101
"240";"Suivi des lacs";"Léman";"SHL2";"23/01/2018";30;30;1.93;1.95;0.666;0.104
"241";"Suivi des lacs";"Léman";"SHL2";"14/02/2018";0;0;1.74;1.76;0.583;0.147
"242";"Suivi des lacs";"Léman";"SHL2";"14/02/2018";1;1;1.88;1.9;0.684;0.156
"243";"Suivi des lacs";"Léman";"SHL2";"14/02/2018";2.5;2.5;1.98;2;0.726;0.164
"244";"Suivi des lacs";"Léman";"SHL2";"14/02/2018";3.5;3.5;2.09;2.11;0.813;0.235
"245";"Suivi des lacs";"Léman";"SHL2";"14/02/2018";5;5;2.02;2.04;0.719;0.165
"246";"Suivi des lacs";"Léman";"SHL2";"14/02/2018";7.5;7.5;2.02;2.04;0.69;0.172
"247";"Suivi des lacs";"Léman";"SHL2";"14/02/2018";10;10;1.97;1.99;0.659;0.171
"248";"Suivi des lacs";"Léman";"SHL2";"14/02/2018";15;15;2.02;2.04;0.762;0.198
"249";"Suivi des lacs";"Léman";"SHL2";"14/02/2018";20;20;1.98;2;0.709;0.19
"250";"Suivi des lacs";"Léman";"SHL2";"14/02/2018";30;30;2.03;2.05;0.716;0.19
"251";"Suivi des lacs";"Léman";"SHL2";"06/03/2018";0;0;1.06;1.07;0.385;0.074
"252";"Suivi des lacs";"Léman";"SHL2";"06/03/2018";1;1;1.22;1.23;0.506;0.075
"253";"Suivi des lacs";"Léman";"SHL2";"06/03/2018";2.5;2.5;1.34;1.35;0.414;0.068
"254";"Suivi des lacs";"Léman";"SHL2";"06/03/2018";3.5;3.5;1.4;1.41;0.369;0.066
"255";"Suivi des lacs";"Léman";"SHL2";"06/03/2018";5;5;1.25;1.26;0.398;0.065
"256";"Suivi des lacs";"Léman";"SHL2";"06/03/2018";7.5;7.5;1.5;1.52;0.472;0.086
"257";"Suivi des lacs";"Léman";"SHL2";"06/03/2018";10;10;1.3;1.31;0.447;0.131
"258";"Suivi des lacs";"Léman";"SHL2";"06/03/2018";15;15;1.32;1.33;0.417;0.151
"259";"Suivi des lacs";"Léman";"SHL2";"06/03/2018";20;20;1.23;1.25;0.381;0.149
"260";"Suivi des lacs";"Léman";"SHL2";"06/03/2018";30;30;1.43;1.44;0.48;0.205
"261";"Suivi des lacs";"Léman";"SHL2";"26/03/2018";0;0;2.03;2.05;1.052;0
"262";"Suivi des lacs";"Léman";"SHL2";"26/03/2018";1;1;2.44;2.46;1.274;0
"263";"Suivi des lacs";"Léman";"SHL2";"26/03/2018";2.5;2.5;2.55;2.58;1.281;0
"264";"Suivi des lacs";"Léman";"SHL2";"26/03/2018";3.5;3.5;2.44;2.46;1.276;0
"265";"Suivi des lacs";"Léman";"SHL2";"26/03/2018";5;5;2.31;2.34;1.232;0
"266";"Suivi des lacs";"Léman";"SHL2";"26/03/2018";7.5;7.5;2.16;2.18;1.033;0.022
"267";"Suivi des lacs";"Léman";"SHL2";"26/03/2018";10;10;1.8;1.82;0.758;0.047
"268";"Suivi des lacs";"Léman";"SHL2";"26/03/2018";15;15;1.85;1.87;0.845;0.048
"269";"Suivi des lacs";"Léman";"SHL2";"26/03/2018";20;20;1.24;1.25;0.524;0.023
"270";"Suivi des lacs";"Léman";"SHL2";"26/03/2018";30;30;1.52;1.54;0.654;0.08
"271";"Suivi des lacs";"Léman";"SHL2";"09/04/2018";0;0;4.01;4.05;1.523;0
"272";"Suivi des lacs";"Léman";"SHL2";"09/04/2018";1;1;7.85;7.92;3.017;0
"273";"Suivi des lacs";"Léman";"SHL2";"09/04/2018";2.5;2.5;7.31;7.38;2.993;0
"274";"Suivi des lacs";"Léman";"SHL2";"09/04/2018";3.5;3.5;8.85;8.93;2.973;0
"275";"Suivi des lacs";"Léman";"SHL2";"09/04/2018";5;5;5.88;5.94;2.676;0
"276";"Suivi des lacs";"Léman";"SHL2";"09/04/2018";7.5;7.5;5.96;6.03;2.672;0
"277";"Suivi des lacs";"Léman";"SHL2";"09/04/2018";10;10;5.78;5.85;2.638;0
"278";"Suivi des lacs";"Léman";"SHL2";"09/04/2018";15;15;3.58;3.62;1.592;0
"279";"Suivi des lacs";"Léman";"SHL2";"09/04/2018";20;20;3.52;3.56;1.487;0.006
"280";"Suivi des lacs";"Léman";"SHL2";"09/04/2018";30;30;1.77;1.79;0.643;0.106
"281";"Suivi des lacs";"Léman";"SHL2";"23/04/2018";0;0;2.34;2.36;0.783;0
"282";"Suivi des lacs";"Léman";"SHL2";"23/04/2018";1;1;5.13;5.19;1.849;0
"283";"Suivi des lacs";"Léman";"SHL2";"23/04/2018";2.5;2.5;5.66;5.72;2.222;0
"284";"Suivi des lacs";"Léman";"SHL2";"23/04/2018";3.5;3.5;5.07;5.12;2.012;0
"285";"Suivi des lacs";"Léman";"SHL2";"23/04/2018";5;5;4.38;4.44;1.769;0.227
"286";"Suivi des lacs";"Léman";"SHL2";"23/04/2018";7.5;7.5;5.28;5.35;3.021;0.322
"287";"Suivi des lacs";"Léman";"SHL2";"23/04/2018";10;10;5.44;5.52;3.04;0.465
"288";"Suivi des lacs";"Léman";"SHL2";"23/04/2018";15;15;4.76;4.83;1.874;0.331
"289";"Suivi des lacs";"Léman";"SHL2";"23/04/2018";20;20;3.6;3.66;1.377;0.262
"290";"Suivi des lacs";"Léman";"SHL2";"23/04/2018";30;30;2.34;2.37;0.733;0.185
"291";"Suivi des lacs";"Léman";"SHL2";"15/05/2018";0;0;8.24;8.33;2.723;0
"292";"Suivi des lacs";"Léman";"SHL2";"15/05/2018";1;1;9.02;9.12;2.994;0
"293";"Suivi des lacs";"Léman";"SHL2";"15/05/2018";2.5;2.5;8.67;8.77;3.035;0
"294";"Suivi des lacs";"Léman";"SHL2";"15/05/2018";3.5;3.5;11.03;11.16;3.096;0
"295";"Suivi des lacs";"Léman";"SHL2";"15/05/2018";5;5;9.2;9.3;3.111;0
"296";"Suivi des lacs";"Léman";"SHL2";"15/05/2018";7.5;7.5;9;9.1;3.084;0
"297";"Suivi des lacs";"Léman";"SHL2";"15/05/2018";10;10;8.29;8.38;2.861;0
"298";"Suivi des lacs";"Léman";"SHL2";"15/05/2018";15;15;9.19;9.29;3.195;0
"299";"Suivi des lacs";"Léman";"SHL2";"15/05/2018";20;20;10.46;10.58;3.544;0.229
"300";"Suivi des lacs";"Léman";"SHL2";"15/05/2018";30;30;2.88;2.92;0.973;0.218
"301";"Suivi des lacs";"Léman";"SHL2";"28/05/2018";0;0;4.88;4.93;1.718;0
"302";"Suivi des lacs";"Léman";"SHL2";"28/05/2018";1;1;6.92;6.99;2.383;0
"303";"Suivi des lacs";"Léman";"SHL2";"28/05/2018";2.5;2.5;8.95;9.04;3.018;0
"304";"Suivi des lacs";"Léman";"SHL2";"28/05/2018";3.5;3.5;8.99;9.08;3.041;0
"305";"Suivi des lacs";"Léman";"SHL2";"28/05/2018";5;5;9.3;9.4;2.971;0
"306";"Suivi des lacs";"Léman";"SHL2";"28/05/2018";7.5;7.5;11;11.11;3.898;0
"307";"Suivi des lacs";"Léman";"SHL2";"28/05/2018";10;10;8.67;8.77;3.132;0.331
"308";"Suivi des lacs";"Léman";"SHL2";"28/05/2018";15;15;4.13;4.18;1.642;0.385
"309";"Suivi des lacs";"Léman";"SHL2";"28/05/2018";20;20;2.54;2.57;0.931;0.41
"310";"Suivi des lacs";"Léman";"SHL2";"28/05/2018";30;30;1.43;1.45;0.537;0.283
"311";"Suivi des lacs";"Léman";"SHL2";"12/06/2018";0;0;3.75;3.79;1.211;0.148
"312";"Suivi des lacs";"Léman";"SHL2";"12/06/2018";1;1;5.52;5.57;1.938;0.227
"313";"Suivi des lacs";"Léman";"SHL2";"12/06/2018";2.5;2.5;5.47;5.53;1.859;0.231
"314";"Suivi des lacs";"Léman";"SHL2";"12/06/2018";3.5;3.5;6.51;6.57;1.863;0.262
"315";"Suivi des lacs";"Léman";"SHL2";"12/06/2018";5;5;4.8;4.85;1.649;0.181
"316";"Suivi des lacs";"Léman";"SHL2";"12/06/2018";7.5;7.5;6.15;6.22;1.925;0.086
"317";"Suivi des lacs";"Léman";"SHL2";"12/06/2018";10;10;13.13;13.27;3.771;0.515
"318";"Suivi des lacs";"Léman";"SHL2";"12/06/2018";15;15;16.21;16.46;3.595;0.406
"319";"Suivi des lacs";"Léman";"SHL2";"12/06/2018";20;20;11.55;11.68;4.036;0.415
"320";"Suivi des lacs";"Léman";"SHL2";"12/06/2018";30;30;2.65;2.68;1.067;0.442
"321";"Suivi des lacs";"Léman";"SHL2";"02/07/2018";0;0;2.92;2.95;0.919;0.103
"322";"Suivi des lacs";"Léman";"SHL2";"02/07/2018";1;1;4.51;4.56;1.704;0.251
"323";"Suivi des lacs";"Léman";"SHL2";"02/07/2018";2.5;2.5;6.04;6.11;2.367;0.324
"324";"Suivi des lacs";"Léman";"SHL2";"02/07/2018";3.5;3.5;6.14;6.22;2.177;0.29
"325";"Suivi des lacs";"Léman";"SHL2";"02/07/2018";5;5;6.38;6.47;2.088;0.26
"326";"Suivi des lacs";"Léman";"SHL2";"02/07/2018";7.5;7.5;5.62;5.7;1.738;0.254
"327";"Suivi des lacs";"Léman";"SHL2";"02/07/2018";10;10;4.63;4.7;1.342;0.217
"328";"Suivi des lacs";"Léman";"SHL2";"02/07/2018";15;15;3.46;3.51;1.201;0.312
"329";"Suivi des lacs";"Léman";"SHL2";"02/07/2018";20;20;2.43;2.47;1.205;0.359
"330";"Suivi des lacs";"Léman";"SHL2";"02/07/2018";30;30;1.91;1.94;0.932;0.423
"331";"Suivi des lacs";"Léman";"SHL2";"17/07/2018";0;0;2.08;2.11;0.866;0.033
"332";"Suivi des lacs";"Léman";"SHL2";"17/07/2018";1;1;2.85;2.89;1.255;0.02
"333";"Suivi des lacs";"Léman";"SHL2";"17/07/2018";2.5;2.5;3.52;3.55;1.508;0.019
"334";"Suivi des lacs";"Léman";"SHL2";"17/07/2018";3.5;3.5;3.99;4.04;1.469;0.035
"335";"Suivi des lacs";"Léman";"SHL2";"17/07/2018";5;5;3.85;3.89;1.533;0.078
"336";"Suivi des lacs";"Léman";"SHL2";"17/07/2018";7.5;7.5;5.46;5.52;1.851;0.109
"337";"Suivi des lacs";"Léman";"SHL2";"17/07/2018";10;10;8.36;8.46;2.602;0.184
"338";"Suivi des lacs";"Léman";"SHL2";"17/07/2018";15;15;7.11;7.24;1.401;0.066
"339";"Suivi des lacs";"Léman";"SHL2";"17/07/2018";20;20;2.93;2.99;0.795;0.097
"340";"Suivi des lacs";"Léman";"SHL2";"17/07/2018";30;30;1.41;1.43;0.449;0.192
"341";"Suivi des lacs";"Léman";"SHL2";"30/07/2018";0;0;1.98;2;0.67;0
"342";"Suivi des lacs";"Léman";"SHL2";"30/07/2018";1;1;2.39;2.42;0.836;0
"343";"Suivi des lacs";"Léman";"SHL2";"30/07/2018";2.5;2.5;2.88;2.91;1.153;0
"344";"Suivi des lacs";"Léman";"SHL2";"30/07/2018";3.5;3.5;2.89;2.92;1.149;0.04
"345";"Suivi des lacs";"Léman";"SHL2";"30/07/2018";5;5;4.82;4.87;1.797;0.111
"346";"Suivi des lacs";"Léman";"SHL2";"30/07/2018";7.5;7.5;7.43;7.51;2.338;0.158
"347";"Suivi des lacs";"Léman";"SHL2";"30/07/2018";10;10;6.76;6.85;2.03;0.199
"348";"Suivi des lacs";"Léman";"SHL2";"30/07/2018";15;15;6.1;6.21;1.204;0.198
"349";"Suivi des lacs";"Léman";"SHL2";"30/07/2018";20;20;3.06;3.11;0.758;0.205
"350";"Suivi des lacs";"Léman";"SHL2";"30/07/2018";30;30;1.38;1.4;0.433;0.189
"351";"Suivi des lacs";"Léman";"SHL2";"22/08/2018";0;0;3.08;3.11;1.064;0.023
"352";"Suivi des lacs";"Léman";"SHL2";"22/08/2018";1;1;3.04;3.07;1.173;0.129
"353";"Suivi des lacs";"Léman";"SHL2";"22/08/2018";2.5;2.5;4.39;4.43;1.768;0.181
"354";"Suivi des lacs";"Léman";"SHL2";"22/08/2018";3.5;3.5;4.9;4.95;1.583;0.156
"355";"Suivi des lacs";"Léman";"SHL2";"22/08/2018";5;5;3.8;3.84;1.391;0.206
"356";"Suivi des lacs";"Léman";"SHL2";"22/08/2018";7.5;7.5;5.54;5.6;1.893;0.202
"357";"Suivi des lacs";"Léman";"SHL2";"22/08/2018";10;10;14.89;15.05;5.322;1.581
"358";"Suivi des lacs";"Léman";"SHL2";"22/08/2018";15;15;12.18;12.32;3.729;1.144
"359";"Suivi des lacs";"Léman";"SHL2";"22/08/2018";20;20;4.44;4.5;1.471;0.569
"360";"Suivi des lacs";"Léman";"SHL2";"22/08/2018";30;30;1.4;1.41;0.36;0.25
"361";"Suivi des lacs";"Léman";"SHL2";"12/09/2018";0;0;1.98;2;0.67;0
"362";"Suivi des lacs";"Léman";"SHL2";"12/09/2018";1;1;2.39;2.42;0.836;0
"363";"Suivi des lacs";"Léman";"SHL2";"12/09/2018";2.5;2.5;2.88;2.91;1.153;0
"364";"Suivi des lacs";"Léman";"SHL2";"12/09/2018";3.5;3.5;2.89;2.92;1.149;0.04
"365";"Suivi des lacs";"Léman";"SHL2";"12/09/2018";5;5;7.23;7.3;2.881;0
"366";"Suivi des lacs";"Léman";"SHL2";"12/09/2018";7.5;7.5;10.41;10.51;4.47;0
"367";"Suivi des lacs";"Léman";"SHL2";"12/09/2018";10;10;7.78;7.85;2.792;0.894
"368";"Suivi des lacs";"Léman";"SHL2";"12/09/2018";15;15;0.57;0.57;0.136;0.093
"369";"Suivi des lacs";"Léman";"SHL2";"12/09/2018";20;20;3.06;3.11;0.758;0.205
"370";"Suivi des lacs";"Léman";"SHL2";"12/09/2018";30;30;1.38;1.4;0.433;0.189
"371";"Suivi des lacs";"Léman";"SHL2";"26/09/2018";0;0;7.51;7.58;2.565;0
"372";"Suivi des lacs";"Léman";"SHL2";"26/09/2018";1;1;7.2;7.27;2.4;0
"373";"Suivi des lacs";"Léman";"SHL2";"26/09/2018";2.5;2.5;9.1;9.19;3.307;0.028
"374";"Suivi des lacs";"Léman";"SHL2";"26/09/2018";3.5;3.5;11.26;11.37;3.343;0
"375";"Suivi des lacs";"Léman";"SHL2";"26/09/2018";5;5;8.81;8.89;3.042;0.029
"376";"Suivi des lacs";"Léman";"SHL2";"26/09/2018";7.5;7.5;7.21;7.28;2.522;0.294
"377";"Suivi des lacs";"Léman";"SHL2";"26/09/2018";10;10;5.6;5.66;1.885;0.565
"378";"Suivi des lacs";"Léman";"SHL2";"26/09/2018";15;15;2.41;2.43;0.806;0.59
"379";"Suivi des lacs";"Léman";"SHL2";"26/09/2018";20;20;1.51;1.52;0.508;0.471
"380";"Suivi des lacs";"Léman";"SHL2";"26/09/2018";30;30;0.67;0.67;0.228;0.227
"381";"Suivi des lacs";"Léman";"SHL2";"09/10/2018";0;0;4.02;4.06;1.286;0.07
"382";"Suivi des lacs";"Léman";"SHL2";"09/10/2018";1;1;4.17;4.2;1.253;0.048
"383";"Suivi des lacs";"Léman";"SHL2";"09/10/2018";2.5;2.5;4.71;4.75;1.594;0.123
"384";"Suivi des lacs";"Léman";"SHL2";"09/10/2018";3.5;3.5;4.16;4.2;1.518;0.095
"385";"Suivi des lacs";"Léman";"SHL2";"09/10/2018";5;5;4.55;4.59;1.877;0.153
"386";"Suivi des lacs";"Léman";"SHL2";"09/10/2018";7.5;7.5;3.8;3.84;1.283;0.323
"387";"Suivi des lacs";"Léman";"SHL2";"09/10/2018";10;10;3.42;3.45;1.191;0.267
"388";"Suivi des lacs";"Léman";"SHL2";"09/10/2018";15;15;2.74;2.77;0.74;0.553
"389";"Suivi des lacs";"Léman";"SHL2";"09/10/2018";20;20;2.09;2.11;0.476;0.657
"390";"Suivi des lacs";"Léman";"SHL2";"09/10/2018";30;30;1.1;1.11;0.271;0.475
"391";"Suivi des lacs";"Léman";"SHL2";"24/10/2018";0;0;2.45;2.48;0.42;0
"392";"";"";"";"24/10/2018";1;1;NA;NA;NA;NA
"393";"Suivi des lacs";"Léman";"SHL2";"24/10/2018";2.5;2.5;3.25;3.28;0.801;0
"394";"";"";"";"24/10/2018";3.5;3.5;NA;NA;NA;NA
"395";"Suivi des lacs";"Léman";"SHL2";"24/10/2018";5;5;3.31;3.34;0.69;0
"396";"Suivi des lacs";"Léman";"SHL2";"24/10/2018";7.5;7.5;3.24;3.27;0.71;0
"397";"Suivi des lacs";"Léman";"SHL2";"24/10/2018";10;10;2.79;2.82;0.524;0
"398";"Suivi des lacs";"Léman";"SHL2";"24/10/2018";15;15;1.32;1.33;0.268;0.086
"399";"Suivi des lacs";"Léman";"SHL2";"24/10/2018";20;20;0.96;0.97;0.198;0.104
"400";"Suivi des lacs";"Léman";"SHL2";"24/10/2018";30;30;0.38;0.39;0.082;0.089
"401";"Suivi des lacs";"Léman";"SHL2";"12/11/2018";0;0;3.55;3.58;1.339;0
"402";"Suivi des lacs";"Léman";"SHL2";"12/11/2018";1;1;4.3;4.35;1.57;0
"403";"Suivi des lacs";"Léman";"SHL2";"12/11/2018";2.5;2.5;4.57;4.61;1.755;0
"404";"Suivi des lacs";"Léman";"SHL2";"12/11/2018";3.5;3.5;4.58;4.62;1.725;0
"405";"Suivi des lacs";"Léman";"SHL2";"12/11/2018";5;5;4.19;4.23;1.594;0
"406";"Suivi des lacs";"Léman";"SHL2";"12/11/2018";7.5;7.5;3.62;3.66;1.468;0
"407";"Suivi des lacs";"Léman";"SHL2";"12/11/2018";10;10;3.84;3.88;1.444;0.012
"408";"Suivi des lacs";"Léman";"SHL2";"12/11/2018";15;15;3.06;3.09;1.129;0.085
"409";"Suivi des lacs";"Léman";"SHL2";"12/11/2018";20;20;1.29;1.3;0.537;0.24
"410";"Suivi des lacs";"Léman";"SHL2";"12/11/2018";30;30;0.45;0.45;0.2;0.067
"411";"Suivi des lacs";"Léman";"SHL2";"28/11/2018";0;0;1.2;1.36;-0.72;0.727
"412";"Suivi des lacs";"Léman";"SHL2";"28/11/2018";1;1;1.02;1.15;-0.347;0.438
"413";"Suivi des lacs";"Léman";"SHL2";"28/11/2018";2.5;2.5;1.22;1.35;0.208;0.329
"414";"Suivi des lacs";"Léman";"SHL2";"28/11/2018";3.5;3.5;3.13;3.19;0.798;0.367
"415";"Suivi des lacs";"Léman";"SHL2";"28/11/2018";5;5;3.33;3.38;1.061;0.234
"416";"Suivi des lacs";"Léman";"SHL2";"28/11/2018";7.5;7.5;3.53;3.57;1.086;0.114
"417";"Suivi des lacs";"Léman";"SHL2";"28/11/2018";10;10;3.36;3.4;1.113;0.105
"418";"Suivi des lacs";"Léman";"SHL2";"28/11/2018";15;15;1.03;1.04;0.429;0.081
"419";"Suivi des lacs";"Léman";"SHL2";"28/11/2018";20;20;0.63;0.64;0.397;0.084
"420";"Suivi des lacs";"Léman";"SHL2";"28/11/2018";30;30;0.21;0.21;0.179;0.031
"421";"Suivi des lacs";"Léman";"SHL2";"18/12/2018";0;0;2.9;2.92;0.944;0
"422";"";"";"";"18/12/2018";1;1;NA;NA;NA;NA
"423";"Suivi des lacs";"Léman";"SHL2";"18/12/2018";2.5;2.5;2.84;2.86;0.894;0.126
"424";"";"";"";"18/12/2018";3.5;3.5;NA;NA;NA;NA
"425";"Suivi des lacs";"Léman";"SHL2";"18/12/2018";5;5;3.1;3.13;1.088;0.014
"426";"Suivi des lacs";"Léman";"SHL2";"18/12/2018";7.5;7.5;2.75;2.78;0.906;0.057
"427";"Suivi des lacs";"Léman";"SHL2";"18/12/2018";10;10;2.78;2.81;1.228;0.099
"428";"Suivi des lacs";"Léman";"SHL2";"18/12/2018";15;15;2.75;2.77;0.941;0.088
"429";"Suivi des lacs";"Léman";"SHL2";"18/12/2018";20;20;2.63;2.65;0.92;0.089
"430";"Suivi des lacs";"Léman";"SHL2";"18/12/2018";30;30;1;1.01;0.353;0.147
"431";"Suivi des lacs";"Léman";"SHL2";"14/02/2019";0;0;1.32;1.32;0.727;0.071
"432";"Suivi des lacs";"Léman";"SHL2";"14/02/2019";1;1;1.545;1.545;0.693;0.072
"433";"Suivi des lacs";"Léman";"SHL2";"14/02/2019";2.5;2.5;1.732;1.732;0.722;0.086
"434";"Suivi des lacs";"Léman";"SHL2";"14/02/2019";3.5;3.5;2.011;2.011;0.85;0.108
"435";"Suivi des lacs";"Léman";"SHL2";"14/02/2019";5;5;2.011;2.011;0.773;0.082
"436";"Suivi des lacs";"Léman";"SHL2";"14/02/2019";7.5;7.5;2.02;2.02;0.85;0.105
"437";"Suivi des lacs";"Léman";"SHL2";"14/02/2019";10;10;1.893;1.893;0.767;0.112
"438";"Suivi des lacs";"Léman";"SHL2";"14/02/2019";15;15;1.96;1.96;0.783;0.103
"439";"Suivi des lacs";"Léman";"SHL2";"14/02/2019";20;20;1.852;1.852;0.775;0.118
"440";"Suivi des lacs";"Léman";"SHL2";"14/02/2019";30;30;1.898;1.898;0.767;0.107
"441";"Suivi des lacs";"Léman";"SHL2";"06/03/2019";0;0;4.127;4.127;1.655;0.113
"442";"Suivi des lacs";"Léman";"SHL2";"06/03/2019";1;1;4.337;4.337;1.75;0.096
"443";"Suivi des lacs";"Léman";"SHL2";"06/03/2019";2.5;2.5;4.647;4.647;1.863;0.069
"444";"Suivi des lacs";"Léman";"SHL2";"06/03/2019";3.5;3.5;4.992;4.992;2.044;0.042
"445";"Suivi des lacs";"Léman";"SHL2";"06/03/2019";5;5;5.082;5.082;2.098;0.121
"446";"Suivi des lacs";"Léman";"SHL2";"06/03/2019";7.5;7.5;5.008;5.008;2.042;0.048
"447";"Suivi des lacs";"Léman";"SHL2";"06/03/2019";10;10;4.886;4.886;2.068;0.05
"448";"Suivi des lacs";"Léman";"SHL2";"06/03/2019";15;15;4.674;4.674;1.929;0.137
"449";"Suivi des lacs";"Léman";"SHL2";"06/03/2019";20;20;4.077;4.077;0.945;0.069
"450";"Suivi des lacs";"Léman";"SHL2";"06/03/2019";30;30;4.269;4.269;1.769;0.08
"451";"Suivi des lacs";"Léman";"SHL2";"21/03/2019";0;0;2.631;2.631;0.952;0.253
"452";"Suivi des lacs";"Léman";"SHL2";"21/03/2019";1;1;3.109;3.109;1.259;0.302
"453";"Suivi des lacs";"Léman";"SHL2";"21/03/2019";2.5;2.5;3.547;3.547;1.761;0.302
"454";"Suivi des lacs";"Léman";"SHL2";"21/03/2019";3.5;3.5;3.652;3.652;1.826;0.304
"455";"Suivi des lacs";"Léman";"SHL2";"21/03/2019";5;5;3.306;3.306;1.566;0.32
"456";"Suivi des lacs";"Léman";"SHL2";"21/03/2019";7.5;7.5;3.358;3.358;1.502;0.388
"457";"Suivi des lacs";"Léman";"SHL2";"21/03/2019";10;10;3.743;3.743;1.713;0.77
"458";"Suivi des lacs";"Léman";"SHL2";"21/03/2019";15;15;3.332;3.332;1.513;0.364
"459";"Suivi des lacs";"Léman";"SHL2";"21/03/2019";20;20;3.212;3.212;1.412;0.359
"460";"Suivi des lacs";"Léman";"SHL2";"21/03/2019";30;30;2.631;2.631;1.053;0.493
"461";"Suivi des lacs";"Léman";"SHL2";"01/04/2019";0;0;2.102;2.102;0.796;0
"462";"Suivi des lacs";"Léman";"SHL2";"01/04/2019";1;1;6.268;6.268;2.717;0
"463";"Suivi des lacs";"Léman";"SHL2";"01/04/2019";2.5;2.5;5.232;5.232;2.362;0
"464";"Suivi des lacs";"Léman";"SHL2";"01/04/2019";3.5;3.5;4.289;4.289;1.933;0.125
"465";"Suivi des lacs";"Léman";"SHL2";"01/04/2019";5;5;4.032;4.032;1.75;0.174
"466";"Suivi des lacs";"Léman";"SHL2";"01/04/2019";7.5;7.5;4.007;4.007;1.714;0.254
"467";"Suivi des lacs";"Léman";"SHL2";"01/04/2019";10;10;4.078;4.078;1.759;0.305
"468";"Suivi des lacs";"Léman";"SHL2";"01/04/2019";15;15;4.343;4.343;1.784;0.409
"469";"Suivi des lacs";"Léman";"SHL2";"01/04/2019";20;20;4.018;4.018;1.454;0.323
"470";"Suivi des lacs";"Léman";"SHL2";"01/04/2019";30;30;2.929;2.929;1.132;0.314
"471";"Suivi des lacs";"Léman";"SHL2";"23/04/2019";0;0;1.922;1.922;0.957;0.037
"472";"Suivi des lacs";"Léman";"SHL2";"23/04/2019";1;1;2.002;2.002;0.776;0.02
"473";"Suivi des lacs";"Léman";"SHL2";"23/04/2019";2.5;2.5;2.6;2.6;1.71;0.036
"474";"Suivi des lacs";"Léman";"SHL2";"23/04/2019";3.5;3.5;3.471;3.471;1.786;0.034
"475";"Suivi des lacs";"Léman";"SHL2";"23/04/2019";5;5;3.5;3.5;1.497;0.012
"476";"Suivi des lacs";"Léman";"SHL2";"23/04/2019";7.5;7.5;5.5;5.5;2.517;0
"477";"Suivi des lacs";"Léman";"SHL2";"23/04/2019";10;10;7.006;7.006;3.695;0
"478";"Suivi des lacs";"Léman";"SHL2";"23/04/2019";15;15;7.152;7.152;3.796;0.159
"479";"Suivi des lacs";"Léman";"SHL2";"23/04/2019";20;20;5.556;5.556;3.098;0.231
"480";"Suivi des lacs";"Léman";"SHL2";"23/04/2019";30;30;3.165;3.165;1.413;0.197
"481";"Suivi des lacs";"Léman";"SHL2";"20/05/2019";0;15.5;2.577;2.577;1.014;1.373
"482";"Suivi des lacs";"Léman";"SHL2";"20/05/2019";1;1;3.573;3.573;1.224;0.063
"483";"Suivi des lacs";"Léman";"SHL2";"20/05/2019";2.5;2.5;3.628;3.628;1.073;2.611
"484";"Suivi des lacs";"Léman";"SHL2";"20/05/2019";3.5;3.5;3.772;3.772;1.167;2.082
"485";"Suivi des lacs";"Léman";"SHL2";"20/05/2019";5;5;2.889;2.889;0.937;1.593
"486";"Suivi des lacs";"Léman";"SHL2";"20/05/2019";7.5;7.5;2.721;2.721;0.8;1.498
"487";"Suivi des lacs";"Léman";"SHL2";"20/05/2019";10;10;2.197;2.197;0.645;1.239
"488";"Suivi des lacs";"Léman";"SHL2";"20/05/2019";15;15;1.579;1.579;0.539;0.862
"489";"Suivi des lacs";"Léman";"SHL2";"20/05/2019";20;20;1.297;1.297;0.466;0.696
"490";"Suivi des lacs";"Léman";"SHL2";"20/05/2019";30;30;1.071;1.071;0.357;0.608
"491";"Suivi des lacs";"Léman";"SHL2";"03/06/2019";0;0;0.767;0.767;0.179;0.096
"492";"Suivi des lacs";"Léman";"SHL2";"03/06/2019";1;1;1.031;1.031;0.311;0.109
"493";"Suivi des lacs";"Léman";"SHL2";"03/06/2019";2.5;2.5;1.368;1.368;0.438;0.128
"494";"Suivi des lacs";"Léman";"SHL2";"03/06/2019";3.5;3.5;4.124;4.124;1.138;0.387
"495";"Suivi des lacs";"Léman";"SHL2";"03/06/2019";5;5;4.138;4.138;1.311;0.403
"496";"Suivi des lacs";"Léman";"SHL2";"03/06/2019";7.5;7.5;4.475;4.475;1.621;0.229
"497";"Suivi des lacs";"Léman";"SHL2";"03/06/2019";10;10;5.333;5.333;1.829;0.267
"498";"Suivi des lacs";"Léman";"SHL2";"03/06/2019";15;15;4.7;4.7;1.568;0.213
"499";"Suivi des lacs";"Léman";"SHL2";"03/06/2019";20;20;5.868;5.868;1.864;0.256
"500";"Suivi des lacs";"Léman";"SHL2";"03/06/2019";30;30;2.453;2.453;0.865;0.236
"501";"Suivi des lacs";"Léman";"SHL2";"26/06/2019";0;0;1.514;1.514;0.551;0.028
"502";"Suivi des lacs";"Léman";"SHL2";"26/06/2019";1;1;2.025;2.025;0.783;0.046
"503";"Suivi des lacs";"Léman";"SHL2";"26/06/2019";2.5;2.5;3.928;3.928;1.371;0
"504";"Suivi des lacs";"Léman";"SHL2";"26/06/2019";3.5;3.5;4.39;4.39;1.514;-0.012
"505";"Suivi des lacs";"Léman";"SHL2";"26/06/2019";5;5;6.471;6.471;1.211;0.009
"506";"Suivi des lacs";"Léman";"SHL2";"26/06/2019";7.5;7.5;10.153;10.153;3.107;0.334
"507";"Suivi des lacs";"Léman";"SHL2";"26/06/2019";10;10;12.699;12.699;4.694;0.35
"508";"Suivi des lacs";"Léman";"SHL2";"26/06/2019";15;15;5.454;5.454;1.87;0.279
"509";"Suivi des lacs";"Léman";"SHL2";"26/06/2019";20;20;5.498;5.498;2.006;0.391
"510";"Suivi des lacs";"Léman";"SHL2";"26/06/2019";30;30;3.312;3.312;1.224;0.398
"511";"Suivi des lacs";"Léman";"SHL2";"11/07/2019";0;0;2.516;2.516;0.749;0.14
"512";"Suivi des lacs";"Léman";"SHL2";"11/07/2019";1;1;2.7;2.7;0.812;0.061
"513";"Suivi des lacs";"Léman";"SHL2";"11/07/2019";2.5;2.5;2.677;2.677;0.79;0.139
"514";"Suivi des lacs";"Léman";"SHL2";"11/07/2019";3.5;3.5;2.854;2.854;0.837;0.084
"515";"Suivi des lacs";"Léman";"SHL2";"11/07/2019";5;5;4.062;4.062;1.197;0.343
"516";"Suivi des lacs";"Léman";"SHL2";"11/07/2019";7.5;7.5;6.053;6.053;1.518;0.493
"517";"Suivi des lacs";"Léman";"SHL2";"11/07/2019";10;10;5.159;5.159;1.4;0.56
"518";"Suivi des lacs";"Léman";"SHL2";"11/07/2019";15;15;2.864;2.864;0.786;0.417
"519";"Suivi des lacs";"Léman";"SHL2";"11/07/2019";20;20;3.895;3.895;1.171;0.522
"520";"Suivi des lacs";"Léman";"SHL2";"11/07/2019";30;30;1.387;1.387;0.485;0.305
"521";"Suivi des lacs";"Léman";"SHL2";"24/07/2019";0;0;1.59;1.59;0.851;0.112
"522";"Suivi des lacs";"Léman";"SHL2";"24/07/2019";1;1;3.855;3.855;1.677;0.022
"523";"Suivi des lacs";"Léman";"SHL2";"24/07/2019";2.5;2.5;7.374;7.374;2.25;3.12
"524";"Suivi des lacs";"Léman";"SHL2";"24/07/2019";3.5;3.5;4.494;4.494;2.141;0.331
"525";"Suivi des lacs";"Léman";"SHL2";"24/07/2019";5;5;4.759;4.759;2.01;0.202
"526";"Suivi des lacs";"Léman";"SHL2";"24/07/2019";7.5;7.5;5.65;5.65;2.156;0.208
"527";"Suivi des lacs";"Léman";"SHL2";"24/07/2019";10;10;4.977;4.977;2.104;0.296
"528";"Suivi des lacs";"Léman";"SHL2";"24/07/2019";15;15;5.977;5.977;2.108;0.336
"529";"Suivi des lacs";"Léman";"SHL2";"24/07/2019";20;20;6.879;6.879;2.51;0.44
"530";"Suivi des lacs";"Léman";"SHL2";"24/07/2019";30;30;2.373;2.373;0.82;0.298
"531";"Suivi des lacs";"Léman";"SHL2";"05/08/2019";0;0;0.696;0.696;0.366;0.048
"532";"Suivi des lacs";"Léman";"SHL2";"05/08/2019";1;1;1.371;1.371;0.673;0
"533";"Suivi des lacs";"Léman";"SHL2";"05/08/2019";2.5;2.5;1.7;1.7;0.85;0
"534";"Suivi des lacs";"Léman";"SHL2";"05/08/2019";3.5;3.5;1.987;1.987;0.999;0
"535";"Suivi des lacs";"Léman";"SHL2";"05/08/2019";5;5;2.183;2.183;1.035;0
"536";"Suivi des lacs";"Léman";"SHL2";"05/08/2019";7.5;7.5;4.404;4.404;1.46;0.094
"537";"Suivi des lacs";"Léman";"SHL2";"05/08/2019";10;10;3.088;3.088;1.138;0.129
"538";"Suivi des lacs";"Léman";"SHL2";"05/08/2019";15;15;8.779;8.779;3.628;0.309
"539";"Suivi des lacs";"Léman";"SHL2";"05/08/2019";20;20;8.505;8.505;3.164;0.661
"540";"Suivi des lacs";"Léman";"SHL2";"05/08/2019";30;30;1.902;1.902;0.844;0.315
"541";"Suivi des lacs";"Léman";"SHL2";"04/09/2019";0;0;2.61;2.61;1.055;0.141
"542";"";"";"";"04/09/2019";1;1;NA;NA;NA;NA
"543";"Suivi des lacs";"Léman";"SHL2";"04/09/2019";2.5;2.5;2.756;2.756;1.139;0.159
"544";"Suivi des lacs";"Léman";"SHL2";"04/09/2019";3.5;3.5;2.551;2.551;0.928;0.126
"545";"Suivi des lacs";"Léman";"SHL2";"04/09/2019";5;5;2.735;2.735;1.167;0.119
"546";"Suivi des lacs";"Léman";"SHL2";"04/09/2019";7.5;7.5;3.373;3.373;1.46;0.187
"547";"Suivi des lacs";"Léman";"SHL2";"04/09/2019";10;10;3.853;3.853;1.365;0.258
"548";"Suivi des lacs";"Léman";"SHL2";"04/09/2019";15;15;1.746;1.746;0.582;0.211
"549";"Suivi des lacs";"Léman";"SHL2";"04/09/2019";20;20;1.295;1.295;0.363;0.183
"550";"Suivi des lacs";"Léman";"SHL2";"04/09/2019";30;30;1.5;1.5;0.631;0.288
"551";"Suivi des lacs";"Léman";"SHL2";"11/09/2019";0;0;1.339;1.339;0.467;0.016
"552";"Suivi des lacs";"Léman";"SHL2";"11/09/2019";1;1;1.369;1.369;0.453;0.008
"553";"Suivi des lacs";"Léman";"SHL2";"11/09/2019";2.5;2.5;1.313;1.313;0.476;0.021
"554";"Suivi des lacs";"Léman";"SHL2";"11/09/2019";3.5;3.5;1.184;1.184;0.41;0.031
"555";"Suivi des lacs";"Léman";"SHL2";"11/09/2019";5;5;1.988;1.988;0.757;0
"556";"Suivi des lacs";"Léman";"SHL2";"11/09/2019";7.5;7.5;2.122;2.122;0.801;0.012
"557";"Suivi des lacs";"Léman";"SHL2";"11/09/2019";10;10;2.471;2.471;0.88;0.039
"558";"Suivi des lacs";"Léman";"SHL2";"11/09/2019";15;15;5.008;5.008;1.587;0.487
"559";"Suivi des lacs";"Léman";"SHL2";"11/09/2019";20;20;5.595;5.595;1.547;0.356
"560";"Suivi des lacs";"Léman";"SHL2";"11/09/2019";30;30;1.217;1.217;0.43;0.208
"561";"Suivi des lacs";"Léman";"SHL2";"24/09/2019";0;0;1.671;1.671;0.599;0
"562";"Suivi des lacs";"Léman";"SHL2";"24/09/2019";1;1;1.805;1.805;0.641;0
"563";"Suivi des lacs";"Léman";"SHL2";"24/09/2019";2.5;2.5;1.735;1.735;0.599;0
"564";"Suivi des lacs";"Léman";"SHL2";"24/09/2019";3.5;3.5;1.776;1.776;0.6;0
"565";"Suivi des lacs";"Léman";"SHL2";"24/09/2019";5;5;1.78;1.78;0.597;0
"566";"Suivi des lacs";"Léman";"SHL2";"24/09/2019";7.5;7.5;1.617;1.617;0.562;0
"567";"Suivi des lacs";"Léman";"SHL2";"24/09/2019";10;10;1.67;1.67;0.549;0
"568";"Suivi des lacs";"Léman";"SHL2";"24/09/2019";15;15;5.731;5.731;1.524;0.353
"569";"Suivi des lacs";"Léman";"SHL2";"24/09/2019";20;20;4.03;4.03;1.266;0.367
"570";"Suivi des lacs";"Léman";"SHL2";"24/09/2019";30;30;1.053;1.053;0.381;0.2
"571";"Suivi des lacs";"Léman";"SHL2";"14/10/2019";0;0;2.712;2.712;0.744;0.141
"572";"Suivi des lacs";"Léman";"SHL2";"14/10/2019";1;1;3;3;0.91;0.147
"573";"Suivi des lacs";"Léman";"SHL2";"14/10/2019";2.5;2.5;3.438;3.438;1.035;0.143
"574";"Suivi des lacs";"Léman";"SHL2";"14/10/2019";3.5;3.5;3.606;3.606;1.101;0.131
"575";"Suivi des lacs";"Léman";"SHL2";"14/10/2019";5;5;3.45;3.45;1.063;0.146
"576";"Suivi des lacs";"Léman";"SHL2";"14/10/2019";7.5;7.5;3.422;3.422;0.896;0.171
"577";"Suivi des lacs";"Léman";"SHL2";"14/10/2019";10;10;3.706;3.706;1.318;0.217
"578";"Suivi des lacs";"Léman";"SHL2";"14/10/2019";15;15;3.87;3.87;1.098;0.271
"579";"Suivi des lacs";"Léman";"SHL2";"14/10/2019";20;20;3.656;3.656;1.076;0.309
"580";"Suivi des lacs";"Léman";"SHL2";"14/10/2019";30;30;1.574;1.574;0.46;0.211
"581";"Suivi des lacs";"Léman";"SHL2";"28/10/2019";0;0;5.265;5.265;1.511;0.288
"582";"Suivi des lacs";"Léman";"SHL2";"28/10/2019";1;1;5.604;5.604;1.533;0.291
"583";"Suivi des lacs";"Léman";"SHL2";"28/10/2019";2.5;2.5;5.328;5.328;1.467;0.268
"584";"Suivi des lacs";"Léman";"SHL2";"28/10/2019";3.5;3.5;5.256;5.256;1.537;0.315
"585";"Suivi des lacs";"Léman";"SHL2";"28/10/2019";5;5;4.98;4.98;1.35;0.308
"586";"Suivi des lacs";"Léman";"SHL2";"28/10/2019";7.5;7.5;4.841;4.841;1.27;0.313
"587";"Suivi des lacs";"Léman";"SHL2";"28/10/2019";10;10;4.503;4.503;1.121;0.317
"588";"Suivi des lacs";"Léman";"SHL2";"28/10/2019";15;15;2.33;2.33;0.675;0.352
"589";"Suivi des lacs";"Léman";"SHL2";"28/10/2019";20;20;1.655;1.655;0.366;0.348
"590";"Suivi des lacs";"Léman";"SHL2";"28/10/2019";30;30;0.577;0.577;0.151;0.173
"591";"Suivi des lacs";"Léman";"SHL2";"13/11/2019";0;0;6.35;6.35;1.573;0.164
"592";"Suivi des lacs";"Léman";"SHL2";"13/11/2019";1;1;7.428;7.428;1.822;0.227
"593";"Suivi des lacs";"Léman";"SHL2";"13/11/2019";2.5;2.5;7.437;7.437;1.926;0.129
"594";"Suivi des lacs";"Léman";"SHL2";"13/11/2019";3.5;3.5;7.606;7.606;1.809;0.185
"595";"Suivi des lacs";"Léman";"SHL2";"13/11/2019";5;5;7.597;7.597;1.86;0.107
"596";"Suivi des lacs";"Léman";"SHL2";"13/11/2019";7.5;7.5;7.342;7.342;1.738;0.189
"597";"Suivi des lacs";"Léman";"SHL2";"13/11/2019";10;10;7.244;7.244;1.814;0.113
"598";"Suivi des lacs";"Léman";"SHL2";"13/11/2019";15;15;7.163;7.163;1.792;0.124
"599";"Suivi des lacs";"Léman";"SHL2";"13/11/2019";20;20;7.163;7.163;1.815;0.126
"600";"Suivi des lacs";"Léman";"SHL2";"13/11/2019";30;30;7.003;7.003;1.762;0.101
"601";"Suivi des lacs";"Léman";"SHL2";"10/12/2019";0;0;6.603;6.603;0.25;0
"602";"Suivi des lacs";"Léman";"SHL2";"10/12/2019";1;1;6.799;6.799;0.43;0
"603";"Suivi des lacs";"Léman";"SHL2";"10/12/2019";2.5;2.5;7.114;7.114;0.643;0
"604";"Suivi des lacs";"Léman";"SHL2";"10/12/2019";3.5;3.5;7.352;7.352;0.371;0
"605";"Suivi des lacs";"Léman";"SHL2";"10/12/2019";5;5;7.567;7.567;0.508;0
"606";"Suivi des lacs";"Léman";"SHL2";"10/12/2019";7.5;7.5;7.616;7.616;0.306;0
"607";"Suivi des lacs";"Léman";"SHL2";"10/12/2019";10;10;7.167;7.167;0.217;0
"608";"Suivi des lacs";"Léman";"SHL2";"10/12/2019";15;15;7.125;7.125;0.538;0
"609";"Suivi des lacs";"Léman";"SHL2";"10/12/2019";20;20;6.932;6.932;0.153;0
"610";"Suivi des lacs";"Léman";"SHL2";"10/12/2019";30;30;5.484;5.484;0.25;0.005
